-- phpMyAdmin SQL Dump
-- version 4.0.4.1
-- http://www.phpmyadmin.net
--
-- Host: 127.0.0.1
-- Generation Time: May 03, 2017 at 11:10 AM
-- Server version: 5.6.11
-- PHP Version: 5.5.3

SET SQL_MODE = "NO_AUTO_VALUE_ON_ZERO";
SET time_zone = "+00:00";


/*!40101 SET @OLD_CHARACTER_SET_CLIENT=@@CHARACTER_SET_CLIENT */;
/*!40101 SET @OLD_CHARACTER_SET_RESULTS=@@CHARACTER_SET_RESULTS */;
/*!40101 SET @OLD_COLLATION_CONNECTION=@@COLLATION_CONNECTION */;
/*!40101 SET NAMES utf8 */;

--
-- Database: `ship`
--
CREATE DATABASE IF NOT EXISTS `ship` DEFAULT CHARACTER SET utf8mb4 COLLATE utf8mb4_unicode_ci;
USE `ship`;

-- --------------------------------------------------------

--
-- Table structure for table `shpcommentmeta`
--

CREATE TABLE IF NOT EXISTS `shpcommentmeta` (
  `meta_id` bigint(20) unsigned NOT NULL AUTO_INCREMENT,
  `comment_id` bigint(20) unsigned NOT NULL DEFAULT '0',
  `meta_key` varchar(255) COLLATE utf8mb4_unicode_520_ci DEFAULT NULL,
  `meta_value` longtext COLLATE utf8mb4_unicode_520_ci,
  PRIMARY KEY (`meta_id`),
  KEY `comment_id` (`comment_id`),
  KEY `meta_key` (`meta_key`(191))
) ENGINE=InnoDB DEFAULT CHARSET=utf8mb4 COLLATE=utf8mb4_unicode_520_ci AUTO_INCREMENT=1 ;

-- --------------------------------------------------------

--
-- Table structure for table `shpcomments`
--

CREATE TABLE IF NOT EXISTS `shpcomments` (
  `comment_ID` bigint(20) unsigned NOT NULL AUTO_INCREMENT,
  `comment_post_ID` bigint(20) unsigned NOT NULL DEFAULT '0',
  `comment_author` tinytext COLLATE utf8mb4_unicode_520_ci NOT NULL,
  `comment_author_email` varchar(100) COLLATE utf8mb4_unicode_520_ci NOT NULL DEFAULT '',
  `comment_author_url` varchar(200) COLLATE utf8mb4_unicode_520_ci NOT NULL DEFAULT '',
  `comment_author_IP` varchar(100) COLLATE utf8mb4_unicode_520_ci NOT NULL DEFAULT '',
  `comment_date` datetime NOT NULL DEFAULT '0000-00-00 00:00:00',
  `comment_date_gmt` datetime NOT NULL DEFAULT '0000-00-00 00:00:00',
  `comment_content` text COLLATE utf8mb4_unicode_520_ci NOT NULL,
  `comment_karma` int(11) NOT NULL DEFAULT '0',
  `comment_approved` varchar(20) COLLATE utf8mb4_unicode_520_ci NOT NULL DEFAULT '1',
  `comment_agent` varchar(255) COLLATE utf8mb4_unicode_520_ci NOT NULL DEFAULT '',
  `comment_type` varchar(20) COLLATE utf8mb4_unicode_520_ci NOT NULL DEFAULT '',
  `comment_parent` bigint(20) unsigned NOT NULL DEFAULT '0',
  `user_id` bigint(20) unsigned NOT NULL DEFAULT '0',
  PRIMARY KEY (`comment_ID`),
  KEY `comment_post_ID` (`comment_post_ID`),
  KEY `comment_approved_date_gmt` (`comment_approved`,`comment_date_gmt`),
  KEY `comment_date_gmt` (`comment_date_gmt`),
  KEY `comment_parent` (`comment_parent`),
  KEY `comment_author_email` (`comment_author_email`(10))
) ENGINE=InnoDB  DEFAULT CHARSET=utf8mb4 COLLATE=utf8mb4_unicode_520_ci AUTO_INCREMENT=2 ;

--
-- Dumping data for table `shpcomments`
--

INSERT INTO `shpcomments` (`comment_ID`, `comment_post_ID`, `comment_author`, `comment_author_email`, `comment_author_url`, `comment_author_IP`, `comment_date`, `comment_date_gmt`, `comment_content`, `comment_karma`, `comment_approved`, `comment_agent`, `comment_type`, `comment_parent`, `user_id`) VALUES
(1, 1, 'Một người bình luận WordPress', 'wapuu@wordpress.example', 'https://wordpress.org/', '', '2017-05-03 01:29:45', '2017-05-03 01:29:45', 'Xin chào, đây là một bình luận\nĐể bắt đầu với quản trị bình luận, chỉnh sửa hoặc xóa bình luận, vui lòng truy cập vào khu vực Bình luận trong trang quản trị.\nAvatar của người bình luận sử dụng <a href="https://gravatar.com">Gravatar</a>.', 0, '1', '', '', 0, 0);

-- --------------------------------------------------------

--
-- Table structure for table `shplinks`
--

CREATE TABLE IF NOT EXISTS `shplinks` (
  `link_id` bigint(20) unsigned NOT NULL AUTO_INCREMENT,
  `link_url` varchar(255) COLLATE utf8mb4_unicode_520_ci NOT NULL DEFAULT '',
  `link_name` varchar(255) COLLATE utf8mb4_unicode_520_ci NOT NULL DEFAULT '',
  `link_image` varchar(255) COLLATE utf8mb4_unicode_520_ci NOT NULL DEFAULT '',
  `link_target` varchar(25) COLLATE utf8mb4_unicode_520_ci NOT NULL DEFAULT '',
  `link_description` varchar(255) COLLATE utf8mb4_unicode_520_ci NOT NULL DEFAULT '',
  `link_visible` varchar(20) COLLATE utf8mb4_unicode_520_ci NOT NULL DEFAULT 'Y',
  `link_owner` bigint(20) unsigned NOT NULL DEFAULT '1',
  `link_rating` int(11) NOT NULL DEFAULT '0',
  `link_updated` datetime NOT NULL DEFAULT '0000-00-00 00:00:00',
  `link_rel` varchar(255) COLLATE utf8mb4_unicode_520_ci NOT NULL DEFAULT '',
  `link_notes` mediumtext COLLATE utf8mb4_unicode_520_ci NOT NULL,
  `link_rss` varchar(255) COLLATE utf8mb4_unicode_520_ci NOT NULL DEFAULT '',
  PRIMARY KEY (`link_id`),
  KEY `link_visible` (`link_visible`)
) ENGINE=InnoDB DEFAULT CHARSET=utf8mb4 COLLATE=utf8mb4_unicode_520_ci AUTO_INCREMENT=1 ;

-- --------------------------------------------------------

--
-- Table structure for table `shpoptions`
--

CREATE TABLE IF NOT EXISTS `shpoptions` (
  `option_id` bigint(20) unsigned NOT NULL AUTO_INCREMENT,
  `option_name` varchar(191) COLLATE utf8mb4_unicode_520_ci NOT NULL DEFAULT '',
  `option_value` longtext COLLATE utf8mb4_unicode_520_ci NOT NULL,
  `autoload` varchar(20) COLLATE utf8mb4_unicode_520_ci NOT NULL DEFAULT 'yes',
  PRIMARY KEY (`option_id`),
  UNIQUE KEY `option_name` (`option_name`)
) ENGINE=InnoDB  DEFAULT CHARSET=utf8mb4 COLLATE=utf8mb4_unicode_520_ci AUTO_INCREMENT=292 ;

--
-- Dumping data for table `shpoptions`
--

INSERT INTO `shpoptions` (`option_id`, `option_name`, `option_value`, `autoload`) VALUES
(1, 'siteurl', 'http://localhost:8080/shipper', 'yes'),
(2, 'home', 'http://localhost:8080/shipper', 'yes'),
(3, 'blogname', 'shipper', 'yes'),
(4, 'blogdescription', 'Một trang web mới sử dụng WordPress', 'yes'),
(5, 'users_can_register', '0', 'yes'),
(6, 'admin_email', 'mitbem2503@gmail.com', 'yes'),
(7, 'start_of_week', '1', 'yes'),
(8, 'use_balanceTags', '0', 'yes'),
(9, 'use_smilies', '1', 'yes'),
(10, 'require_name_email', '1', 'yes'),
(11, 'comments_notify', '1', 'yes'),
(12, 'posts_per_rss', '10', 'yes'),
(13, 'rss_use_excerpt', '0', 'yes'),
(14, 'mailserver_url', 'mail.example.com', 'yes'),
(15, 'mailserver_login', 'login@example.com', 'yes'),
(16, 'mailserver_pass', 'password', 'yes'),
(17, 'mailserver_port', '110', 'yes'),
(18, 'default_category', '1', 'yes'),
(19, 'default_comment_status', 'open', 'yes'),
(20, 'default_ping_status', 'open', 'yes'),
(21, 'default_pingback_flag', '1', 'yes'),
(22, 'posts_per_page', '10', 'yes'),
(23, 'date_format', 'j F, Y', 'yes'),
(24, 'time_format', 'g:i a', 'yes'),
(25, 'links_updated_date_format', 'j F, Y g:i a', 'yes'),
(26, 'comment_moderation', '0', 'yes'),
(27, 'moderation_notify', '1', 'yes'),
(28, 'permalink_structure', '/%category%/%postname%.html', 'yes'),
(29, 'rewrite_rules', 'a:92:{s:11:"^wp-json/?$";s:22:"index.php?rest_route=/";s:14:"^wp-json/(.*)?";s:33:"index.php?rest_route=/$matches[1]";s:21:"^index.php/wp-json/?$";s:22:"index.php?rest_route=/";s:24:"^index.php/wp-json/(.*)?";s:33:"index.php?rest_route=/$matches[1]";s:47:"category/(.+?)/feed/(feed|rdf|rss|rss2|atom)/?$";s:52:"index.php?category_name=$matches[1]&feed=$matches[2]";s:42:"category/(.+?)/(feed|rdf|rss|rss2|atom)/?$";s:52:"index.php?category_name=$matches[1]&feed=$matches[2]";s:23:"category/(.+?)/embed/?$";s:46:"index.php?category_name=$matches[1]&embed=true";s:35:"category/(.+?)/page/?([0-9]{1,})/?$";s:53:"index.php?category_name=$matches[1]&paged=$matches[2]";s:17:"category/(.+?)/?$";s:35:"index.php?category_name=$matches[1]";s:44:"tag/([^/]+)/feed/(feed|rdf|rss|rss2|atom)/?$";s:42:"index.php?tag=$matches[1]&feed=$matches[2]";s:39:"tag/([^/]+)/(feed|rdf|rss|rss2|atom)/?$";s:42:"index.php?tag=$matches[1]&feed=$matches[2]";s:20:"tag/([^/]+)/embed/?$";s:36:"index.php?tag=$matches[1]&embed=true";s:32:"tag/([^/]+)/page/?([0-9]{1,})/?$";s:43:"index.php?tag=$matches[1]&paged=$matches[2]";s:14:"tag/([^/]+)/?$";s:25:"index.php?tag=$matches[1]";s:45:"type/([^/]+)/feed/(feed|rdf|rss|rss2|atom)/?$";s:50:"index.php?post_format=$matches[1]&feed=$matches[2]";s:40:"type/([^/]+)/(feed|rdf|rss|rss2|atom)/?$";s:50:"index.php?post_format=$matches[1]&feed=$matches[2]";s:21:"type/([^/]+)/embed/?$";s:44:"index.php?post_format=$matches[1]&embed=true";s:33:"type/([^/]+)/page/?([0-9]{1,})/?$";s:51:"index.php?post_format=$matches[1]&paged=$matches[2]";s:15:"type/([^/]+)/?$";s:33:"index.php?post_format=$matches[1]";s:48:".*wp-(atom|rdf|rss|rss2|feed|commentsrss2)\\.php$";s:18:"index.php?feed=old";s:20:".*wp-app\\.php(/.*)?$";s:19:"index.php?error=403";s:18:".*wp-register.php$";s:23:"index.php?register=true";s:32:"feed/(feed|rdf|rss|rss2|atom)/?$";s:27:"index.php?&feed=$matches[1]";s:27:"(feed|rdf|rss|rss2|atom)/?$";s:27:"index.php?&feed=$matches[1]";s:8:"embed/?$";s:21:"index.php?&embed=true";s:20:"page/?([0-9]{1,})/?$";s:28:"index.php?&paged=$matches[1]";s:41:"comments/feed/(feed|rdf|rss|rss2|atom)/?$";s:42:"index.php?&feed=$matches[1]&withcomments=1";s:36:"comments/(feed|rdf|rss|rss2|atom)/?$";s:42:"index.php?&feed=$matches[1]&withcomments=1";s:17:"comments/embed/?$";s:21:"index.php?&embed=true";s:44:"search/(.+)/feed/(feed|rdf|rss|rss2|atom)/?$";s:40:"index.php?s=$matches[1]&feed=$matches[2]";s:39:"search/(.+)/(feed|rdf|rss|rss2|atom)/?$";s:40:"index.php?s=$matches[1]&feed=$matches[2]";s:20:"search/(.+)/embed/?$";s:34:"index.php?s=$matches[1]&embed=true";s:32:"search/(.+)/page/?([0-9]{1,})/?$";s:41:"index.php?s=$matches[1]&paged=$matches[2]";s:14:"search/(.+)/?$";s:23:"index.php?s=$matches[1]";s:47:"author/([^/]+)/feed/(feed|rdf|rss|rss2|atom)/?$";s:50:"index.php?author_name=$matches[1]&feed=$matches[2]";s:42:"author/([^/]+)/(feed|rdf|rss|rss2|atom)/?$";s:50:"index.php?author_name=$matches[1]&feed=$matches[2]";s:23:"author/([^/]+)/embed/?$";s:44:"index.php?author_name=$matches[1]&embed=true";s:35:"author/([^/]+)/page/?([0-9]{1,})/?$";s:51:"index.php?author_name=$matches[1]&paged=$matches[2]";s:17:"author/([^/]+)/?$";s:33:"index.php?author_name=$matches[1]";s:69:"([0-9]{4})/([0-9]{1,2})/([0-9]{1,2})/feed/(feed|rdf|rss|rss2|atom)/?$";s:80:"index.php?year=$matches[1]&monthnum=$matches[2]&day=$matches[3]&feed=$matches[4]";s:64:"([0-9]{4})/([0-9]{1,2})/([0-9]{1,2})/(feed|rdf|rss|rss2|atom)/?$";s:80:"index.php?year=$matches[1]&monthnum=$matches[2]&day=$matches[3]&feed=$matches[4]";s:45:"([0-9]{4})/([0-9]{1,2})/([0-9]{1,2})/embed/?$";s:74:"index.php?year=$matches[1]&monthnum=$matches[2]&day=$matches[3]&embed=true";s:57:"([0-9]{4})/([0-9]{1,2})/([0-9]{1,2})/page/?([0-9]{1,})/?$";s:81:"index.php?year=$matches[1]&monthnum=$matches[2]&day=$matches[3]&paged=$matches[4]";s:39:"([0-9]{4})/([0-9]{1,2})/([0-9]{1,2})/?$";s:63:"index.php?year=$matches[1]&monthnum=$matches[2]&day=$matches[3]";s:56:"([0-9]{4})/([0-9]{1,2})/feed/(feed|rdf|rss|rss2|atom)/?$";s:64:"index.php?year=$matches[1]&monthnum=$matches[2]&feed=$matches[3]";s:51:"([0-9]{4})/([0-9]{1,2})/(feed|rdf|rss|rss2|atom)/?$";s:64:"index.php?year=$matches[1]&monthnum=$matches[2]&feed=$matches[3]";s:32:"([0-9]{4})/([0-9]{1,2})/embed/?$";s:58:"index.php?year=$matches[1]&monthnum=$matches[2]&embed=true";s:44:"([0-9]{4})/([0-9]{1,2})/page/?([0-9]{1,})/?$";s:65:"index.php?year=$matches[1]&monthnum=$matches[2]&paged=$matches[3]";s:26:"([0-9]{4})/([0-9]{1,2})/?$";s:47:"index.php?year=$matches[1]&monthnum=$matches[2]";s:43:"([0-9]{4})/feed/(feed|rdf|rss|rss2|atom)/?$";s:43:"index.php?year=$matches[1]&feed=$matches[2]";s:38:"([0-9]{4})/(feed|rdf|rss|rss2|atom)/?$";s:43:"index.php?year=$matches[1]&feed=$matches[2]";s:19:"([0-9]{4})/embed/?$";s:37:"index.php?year=$matches[1]&embed=true";s:31:"([0-9]{4})/page/?([0-9]{1,})/?$";s:44:"index.php?year=$matches[1]&paged=$matches[2]";s:13:"([0-9]{4})/?$";s:26:"index.php?year=$matches[1]";s:27:".?.+?/attachment/([^/]+)/?$";s:32:"index.php?attachment=$matches[1]";s:37:".?.+?/attachment/([^/]+)/trackback/?$";s:37:"index.php?attachment=$matches[1]&tb=1";s:57:".?.+?/attachment/([^/]+)/feed/(feed|rdf|rss|rss2|atom)/?$";s:49:"index.php?attachment=$matches[1]&feed=$matches[2]";s:52:".?.+?/attachment/([^/]+)/(feed|rdf|rss|rss2|atom)/?$";s:49:"index.php?attachment=$matches[1]&feed=$matches[2]";s:52:".?.+?/attachment/([^/]+)/comment-page-([0-9]{1,})/?$";s:50:"index.php?attachment=$matches[1]&cpage=$matches[2]";s:33:".?.+?/attachment/([^/]+)/embed/?$";s:43:"index.php?attachment=$matches[1]&embed=true";s:16:"(.?.+?)/embed/?$";s:41:"index.php?pagename=$matches[1]&embed=true";s:20:"(.?.+?)/trackback/?$";s:35:"index.php?pagename=$matches[1]&tb=1";s:40:"(.?.+?)/feed/(feed|rdf|rss|rss2|atom)/?$";s:47:"index.php?pagename=$matches[1]&feed=$matches[2]";s:35:"(.?.+?)/(feed|rdf|rss|rss2|atom)/?$";s:47:"index.php?pagename=$matches[1]&feed=$matches[2]";s:28:"(.?.+?)/page/?([0-9]{1,})/?$";s:48:"index.php?pagename=$matches[1]&paged=$matches[2]";s:35:"(.?.+?)/comment-page-([0-9]{1,})/?$";s:48:"index.php?pagename=$matches[1]&cpage=$matches[2]";s:24:"(.?.+?)(?:/([0-9]+))?/?$";s:47:"index.php?pagename=$matches[1]&page=$matches[2]";s:36:".+?/[^/]+.html/attachment/([^/]+)/?$";s:32:"index.php?attachment=$matches[1]";s:46:".+?/[^/]+.html/attachment/([^/]+)/trackback/?$";s:37:"index.php?attachment=$matches[1]&tb=1";s:66:".+?/[^/]+.html/attachment/([^/]+)/feed/(feed|rdf|rss|rss2|atom)/?$";s:49:"index.php?attachment=$matches[1]&feed=$matches[2]";s:61:".+?/[^/]+.html/attachment/([^/]+)/(feed|rdf|rss|rss2|atom)/?$";s:49:"index.php?attachment=$matches[1]&feed=$matches[2]";s:61:".+?/[^/]+.html/attachment/([^/]+)/comment-page-([0-9]{1,})/?$";s:50:"index.php?attachment=$matches[1]&cpage=$matches[2]";s:42:".+?/[^/]+.html/attachment/([^/]+)/embed/?$";s:43:"index.php?attachment=$matches[1]&embed=true";s:27:"(.+?)/([^/]+).html/embed/?$";s:63:"index.php?category_name=$matches[1]&name=$matches[2]&embed=true";s:31:"(.+?)/([^/]+).html/trackback/?$";s:57:"index.php?category_name=$matches[1]&name=$matches[2]&tb=1";s:51:"(.+?)/([^/]+).html/feed/(feed|rdf|rss|rss2|atom)/?$";s:69:"index.php?category_name=$matches[1]&name=$matches[2]&feed=$matches[3]";s:46:"(.+?)/([^/]+).html/(feed|rdf|rss|rss2|atom)/?$";s:69:"index.php?category_name=$matches[1]&name=$matches[2]&feed=$matches[3]";s:39:"(.+?)/([^/]+).html/page/?([0-9]{1,})/?$";s:70:"index.php?category_name=$matches[1]&name=$matches[2]&paged=$matches[3]";s:46:"(.+?)/([^/]+).html/comment-page-([0-9]{1,})/?$";s:70:"index.php?category_name=$matches[1]&name=$matches[2]&cpage=$matches[3]";s:35:"(.+?)/([^/]+).html(?:/([0-9]+))?/?$";s:69:"index.php?category_name=$matches[1]&name=$matches[2]&page=$matches[3]";s:25:".+?/[^/]+.html/([^/]+)/?$";s:32:"index.php?attachment=$matches[1]";s:35:".+?/[^/]+.html/([^/]+)/trackback/?$";s:37:"index.php?attachment=$matches[1]&tb=1";s:55:".+?/[^/]+.html/([^/]+)/feed/(feed|rdf|rss|rss2|atom)/?$";s:49:"index.php?attachment=$matches[1]&feed=$matches[2]";s:50:".+?/[^/]+.html/([^/]+)/(feed|rdf|rss|rss2|atom)/?$";s:49:"index.php?attachment=$matches[1]&feed=$matches[2]";s:50:".+?/[^/]+.html/([^/]+)/comment-page-([0-9]{1,})/?$";s:50:"index.php?attachment=$matches[1]&cpage=$matches[2]";s:31:".+?/[^/]+.html/([^/]+)/embed/?$";s:43:"index.php?attachment=$matches[1]&embed=true";s:38:"(.+?)/feed/(feed|rdf|rss|rss2|atom)/?$";s:52:"index.php?category_name=$matches[1]&feed=$matches[2]";s:33:"(.+?)/(feed|rdf|rss|rss2|atom)/?$";s:52:"index.php?category_name=$matches[1]&feed=$matches[2]";s:14:"(.+?)/embed/?$";s:46:"index.php?category_name=$matches[1]&embed=true";s:26:"(.+?)/page/?([0-9]{1,})/?$";s:53:"index.php?category_name=$matches[1]&paged=$matches[2]";s:33:"(.+?)/comment-page-([0-9]{1,})/?$";s:53:"index.php?category_name=$matches[1]&cpage=$matches[2]";s:8:"(.+?)/?$";s:35:"index.php?category_name=$matches[1]";}', 'yes'),
(30, 'hack_file', '0', 'yes'),
(31, 'blog_charset', 'UTF-8', 'yes'),
(32, 'moderation_keys', '', 'no'),
(33, 'active_plugins', 'a:3:{i:0;s:36:"contact-form-7/wp-contact-form-7.php";i:1;s:48:"simple-301-redirects/wp-simple-301-redirects.php";i:2;s:37:"tinymce-advanced/tinymce-advanced.php";}', 'yes'),
(34, 'category_base', '', 'yes'),
(35, 'ping_sites', 'http://rpc.pingomatic.com/', 'yes'),
(36, 'comment_max_links', '2', 'yes'),
(37, 'gmt_offset', '7', 'yes'),
(38, 'default_email_category', '1', 'yes'),
(39, 'recently_edited', '', 'no'),
(40, 'template', 'pcgd', 'yes'),
(41, 'stylesheet', 'pcgd', 'yes'),
(42, 'comment_whitelist', '1', 'yes'),
(43, 'blacklist_keys', '', 'no'),
(44, 'comment_registration', '0', 'yes'),
(45, 'html_type', 'text/html', 'yes'),
(46, 'use_trackback', '0', 'yes'),
(47, 'default_role', 'subscriber', 'yes'),
(48, 'db_version', '38590', 'yes'),
(49, 'uploads_use_yearmonth_folders', '1', 'yes'),
(50, 'upload_path', '', 'yes'),
(51, 'blog_public', '1', 'yes'),
(52, 'default_link_category', '2', 'yes'),
(53, 'show_on_front', 'posts', 'yes'),
(54, 'tag_base', '', 'yes'),
(55, 'show_avatars', '1', 'yes'),
(56, 'avatar_rating', 'G', 'yes'),
(57, 'upload_url_path', '', 'yes'),
(58, 'thumbnail_size_w', '150', 'yes'),
(59, 'thumbnail_size_h', '150', 'yes'),
(60, 'thumbnail_crop', '1', 'yes'),
(61, 'medium_size_w', '300', 'yes'),
(62, 'medium_size_h', '300', 'yes'),
(63, 'avatar_default', 'mystery', 'yes'),
(64, 'large_size_w', '1024', 'yes'),
(65, 'large_size_h', '1024', 'yes'),
(66, 'image_default_link_type', 'none', 'yes'),
(67, 'image_default_size', '', 'yes'),
(68, 'image_default_align', '', 'yes'),
(69, 'close_comments_for_old_posts', '0', 'yes'),
(70, 'close_comments_days_old', '14', 'yes'),
(71, 'thread_comments', '1', 'yes'),
(72, 'thread_comments_depth', '5', 'yes'),
(73, 'page_comments', '0', 'yes'),
(74, 'comments_per_page', '50', 'yes'),
(75, 'default_comments_page', 'newest', 'yes'),
(76, 'comment_order', 'asc', 'yes'),
(77, 'sticky_posts', 'a:0:{}', 'yes'),
(78, 'widget_categories', 'a:2:{i:2;a:4:{s:5:"title";s:0:"";s:5:"count";i:0;s:12:"hierarchical";i:0;s:8:"dropdown";i:0;}s:12:"_multiwidget";i:1;}', 'yes'),
(79, 'widget_text', 'a:2:{i:1;a:0:{}s:12:"_multiwidget";i:1;}', 'yes'),
(80, 'widget_rss', 'a:2:{i:1;a:0:{}s:12:"_multiwidget";i:1;}', 'yes'),
(81, 'uninstall_plugins', 'a:0:{}', 'no'),
(82, 'timezone_string', '', 'yes'),
(83, 'page_for_posts', '0', 'yes'),
(84, 'page_on_front', '0', 'yes'),
(85, 'default_post_format', '0', 'yes'),
(86, 'link_manager_enabled', '0', 'yes'),
(87, 'finished_splitting_shared_terms', '1', 'yes'),
(88, 'site_icon', '0', 'yes'),
(89, 'medium_large_size_w', '768', 'yes'),
(90, 'medium_large_size_h', '0', 'yes'),
(91, 'initial_db_version', '38590', 'yes'),
(92, 'shpuser_roles', 'a:5:{s:13:"administrator";a:2:{s:4:"name";s:13:"Administrator";s:12:"capabilities";a:61:{s:13:"switch_themes";b:1;s:11:"edit_themes";b:1;s:16:"activate_plugins";b:1;s:12:"edit_plugins";b:1;s:10:"edit_users";b:1;s:10:"edit_files";b:1;s:14:"manage_options";b:1;s:17:"moderate_comments";b:1;s:17:"manage_categories";b:1;s:12:"manage_links";b:1;s:12:"upload_files";b:1;s:6:"import";b:1;s:15:"unfiltered_html";b:1;s:10:"edit_posts";b:1;s:17:"edit_others_posts";b:1;s:20:"edit_published_posts";b:1;s:13:"publish_posts";b:1;s:10:"edit_pages";b:1;s:4:"read";b:1;s:8:"level_10";b:1;s:7:"level_9";b:1;s:7:"level_8";b:1;s:7:"level_7";b:1;s:7:"level_6";b:1;s:7:"level_5";b:1;s:7:"level_4";b:1;s:7:"level_3";b:1;s:7:"level_2";b:1;s:7:"level_1";b:1;s:7:"level_0";b:1;s:17:"edit_others_pages";b:1;s:20:"edit_published_pages";b:1;s:13:"publish_pages";b:1;s:12:"delete_pages";b:1;s:19:"delete_others_pages";b:1;s:22:"delete_published_pages";b:1;s:12:"delete_posts";b:1;s:19:"delete_others_posts";b:1;s:22:"delete_published_posts";b:1;s:20:"delete_private_posts";b:1;s:18:"edit_private_posts";b:1;s:18:"read_private_posts";b:1;s:20:"delete_private_pages";b:1;s:18:"edit_private_pages";b:1;s:18:"read_private_pages";b:1;s:12:"delete_users";b:1;s:12:"create_users";b:1;s:17:"unfiltered_upload";b:1;s:14:"edit_dashboard";b:1;s:14:"update_plugins";b:1;s:14:"delete_plugins";b:1;s:15:"install_plugins";b:1;s:13:"update_themes";b:1;s:14:"install_themes";b:1;s:11:"update_core";b:1;s:10:"list_users";b:1;s:12:"remove_users";b:1;s:13:"promote_users";b:1;s:18:"edit_theme_options";b:1;s:13:"delete_themes";b:1;s:6:"export";b:1;}}s:6:"editor";a:2:{s:4:"name";s:6:"Editor";s:12:"capabilities";a:34:{s:17:"moderate_comments";b:1;s:17:"manage_categories";b:1;s:12:"manage_links";b:1;s:12:"upload_files";b:1;s:15:"unfiltered_html";b:1;s:10:"edit_posts";b:1;s:17:"edit_others_posts";b:1;s:20:"edit_published_posts";b:1;s:13:"publish_posts";b:1;s:10:"edit_pages";b:1;s:4:"read";b:1;s:7:"level_7";b:1;s:7:"level_6";b:1;s:7:"level_5";b:1;s:7:"level_4";b:1;s:7:"level_3";b:1;s:7:"level_2";b:1;s:7:"level_1";b:1;s:7:"level_0";b:1;s:17:"edit_others_pages";b:1;s:20:"edit_published_pages";b:1;s:13:"publish_pages";b:1;s:12:"delete_pages";b:1;s:19:"delete_others_pages";b:1;s:22:"delete_published_pages";b:1;s:12:"delete_posts";b:1;s:19:"delete_others_posts";b:1;s:22:"delete_published_posts";b:1;s:20:"delete_private_posts";b:1;s:18:"edit_private_posts";b:1;s:18:"read_private_posts";b:1;s:20:"delete_private_pages";b:1;s:18:"edit_private_pages";b:1;s:18:"read_private_pages";b:1;}}s:6:"author";a:2:{s:4:"name";s:6:"Author";s:12:"capabilities";a:10:{s:12:"upload_files";b:1;s:10:"edit_posts";b:1;s:20:"edit_published_posts";b:1;s:13:"publish_posts";b:1;s:4:"read";b:1;s:7:"level_2";b:1;s:7:"level_1";b:1;s:7:"level_0";b:1;s:12:"delete_posts";b:1;s:22:"delete_published_posts";b:1;}}s:11:"contributor";a:2:{s:4:"name";s:11:"Contributor";s:12:"capabilities";a:5:{s:10:"edit_posts";b:1;s:4:"read";b:1;s:7:"level_1";b:1;s:7:"level_0";b:1;s:12:"delete_posts";b:1;}}s:10:"subscriber";a:2:{s:4:"name";s:10:"Subscriber";s:12:"capabilities";a:2:{s:4:"read";b:1;s:7:"level_0";b:1;}}}', 'yes'),
(93, 'fresh_site', '0', 'yes'),
(94, 'WPLANG', 'vi', 'yes'),
(95, 'widget_search', 'a:2:{i:2;a:1:{s:5:"title";s:0:"";}s:12:"_multiwidget";i:1;}', 'yes'),
(96, 'widget_recent-posts', 'a:2:{i:2;a:2:{s:5:"title";s:0:"";s:6:"number";i:5;}s:12:"_multiwidget";i:1;}', 'yes'),
(97, 'widget_recent-comments', 'a:2:{i:2;a:2:{s:5:"title";s:0:"";s:6:"number";i:5;}s:12:"_multiwidget";i:1;}', 'yes'),
(98, 'widget_archives', 'a:2:{i:2;a:3:{s:5:"title";s:0:"";s:5:"count";i:0;s:8:"dropdown";i:0;}s:12:"_multiwidget";i:1;}', 'yes'),
(99, 'widget_meta', 'a:2:{i:2;a:1:{s:5:"title";s:0:"";}s:12:"_multiwidget";i:1;}', 'yes'),
(100, 'sidebars_widgets', 'a:3:{s:19:"wp_inactive_widgets";a:0:{}s:18:"orphaned_widgets_1";a:6:{i:0;s:8:"search-2";i:1;s:14:"recent-posts-2";i:2;s:17:"recent-comments-2";i:3;s:10:"archives-2";i:4;s:12:"categories-2";i:5;s:6:"meta-2";}s:13:"array_version";i:3;}', 'yes'),
(101, 'widget_pages', 'a:1:{s:12:"_multiwidget";i:1;}', 'yes'),
(102, 'widget_calendar', 'a:1:{s:12:"_multiwidget";i:1;}', 'yes'),
(103, 'widget_tag_cloud', 'a:1:{s:12:"_multiwidget";i:1;}', 'yes'),
(104, 'widget_nav_menu', 'a:1:{s:12:"_multiwidget";i:1;}', 'yes'),
(105, 'cron', 'a:4:{i:1493818187;a:3:{s:16:"wp_version_check";a:1:{s:32:"40cd750bba9870f18aada2478b24840a";a:3:{s:8:"schedule";s:10:"twicedaily";s:4:"args";a:0:{}s:8:"interval";i:43200;}}s:17:"wp_update_plugins";a:1:{s:32:"40cd750bba9870f18aada2478b24840a";a:3:{s:8:"schedule";s:10:"twicedaily";s:4:"args";a:0:{}s:8:"interval";i:43200;}}s:16:"wp_update_themes";a:1:{s:32:"40cd750bba9870f18aada2478b24840a";a:3:{s:8:"schedule";s:10:"twicedaily";s:4:"args";a:0:{}s:8:"interval";i:43200;}}}i:1493861469;a:1:{s:19:"wp_scheduled_delete";a:1:{s:32:"40cd750bba9870f18aada2478b24840a";a:3:{s:8:"schedule";s:5:"daily";s:4:"args";a:0:{}s:8:"interval";i:86400;}}}i:1493863173;a:1:{s:30:"wp_scheduled_auto_draft_delete";a:1:{s:32:"40cd750bba9870f18aada2478b24840a";a:3:{s:8:"schedule";s:5:"daily";s:4:"args";a:0:{}s:8:"interval";i:86400;}}}s:7:"version";i:2;}', 'yes'),
(106, 'theme_mods_twentyseventeen', 'a:2:{s:18:"custom_css_post_id";i:-1;s:16:"sidebars_widgets";a:2:{s:4:"time";i:1493776057;s:4:"data";a:4:{s:19:"wp_inactive_widgets";a:0:{}s:9:"sidebar-1";a:6:{i:0;s:8:"search-2";i:1;s:14:"recent-posts-2";i:2;s:17:"recent-comments-2";i:3;s:10:"archives-2";i:4;s:12:"categories-2";i:5;s:6:"meta-2";}s:9:"sidebar-2";a:0:{}s:9:"sidebar-3";a:0:{}}}}', 'yes'),
(120, '_transient_timeout_plugin_slugs', '1493882686', 'no'),
(121, '_transient_plugin_slugs', 'a:5:{i:0;s:19:"akismet/akismet.php";i:1;s:36:"contact-form-7/wp-contact-form-7.php";i:2;s:9:"hello.php";i:3;s:48:"simple-301-redirects/wp-simple-301-redirects.php";i:4;s:37:"tinymce-advanced/tinymce-advanced.php";}', 'no'),
(122, '_transient_timeout_dash_a5a61dcab273495c31cd79aafebbdc74', '1493818226', 'no'),
(123, '_transient_dash_a5a61dcab273495c31cd79aafebbdc74', '<div class="rss-widget"><p><strong>Lỗi RSS:</strong> WP HTTP Error: cURL error 6: Could not resolve host: wordpress.org</p></div><div class="rss-widget"><p><strong>Lỗi RSS:</strong> WP HTTP Error: cURL error 6: Could not resolve host: planet.wordpress.org</p></div><div class="rss-widget"><ul></ul></div>', 'no'),
(124, 'can_compress_scripts', '1', 'no'),
(125, '_site_transient_update_core', 'O:8:"stdClass":4:{s:7:"updates";a:1:{i:0;O:8:"stdClass":10:{s:8:"response";s:6:"latest";s:8:"download";s:62:"https://downloads.wordpress.org/release/vi/wordpress-4.7.4.zip";s:6:"locale";s:2:"vi";s:8:"packages";O:8:"stdClass":5:{s:4:"full";s:62:"https://downloads.wordpress.org/release/vi/wordpress-4.7.4.zip";s:10:"no_content";b:0;s:11:"new_bundled";b:0;s:7:"partial";b:0;s:8:"rollback";b:0;}s:7:"current";s:5:"4.7.4";s:7:"version";s:5:"4.7.4";s:11:"php_version";s:5:"5.2.4";s:13:"mysql_version";s:3:"5.0";s:11:"new_bundled";s:3:"4.7";s:15:"partial_version";s:0:"";}}s:12:"last_checked";i:1493796278;s:15:"version_checked";s:5:"4.7.4";s:12:"translations";a:0:{}}', 'no'),
(126, '_site_transient_update_themes', 'O:8:"stdClass":4:{s:12:"last_checked";i:1493796281;s:7:"checked";a:4:{s:4:"pcgd";s:37:"1.0 //phien bản bạn muốn đặt";s:13:"twentyfifteen";s:3:"1.7";s:15:"twentyseventeen";s:3:"1.1";s:13:"twentysixteen";s:3:"1.3";}s:8:"response";a:1:{s:15:"twentyseventeen";a:4:{s:5:"theme";s:15:"twentyseventeen";s:11:"new_version";s:3:"1.2";s:3:"url";s:45:"https://wordpress.org/themes/twentyseventeen/";s:7:"package";s:61:"https://downloads.wordpress.org/theme/twentyseventeen.1.2.zip";}}s:12:"translations";a:0:{}}', 'no'),
(128, 'auto_core_update_notified', 'a:4:{s:4:"type";s:7:"success";s:5:"email";s:20:"mitbem2503@gmail.com";s:7:"version";s:5:"4.7.4";s:9:"timestamp";i:1493775052;}', 'no'),
(131, '_site_transient_timeout_browser_2d70b4ffa221a0fcab90b4c714a3f5ea', '1494380212', 'no'),
(132, '_site_transient_browser_2d70b4ffa221a0fcab90b4c714a3f5ea', 'a:9:{s:8:"platform";s:7:"Windows";s:4:"name";s:6:"Chrome";s:7:"version";s:13:"57.0.2987.133";s:10:"update_url";s:28:"http://www.google.com/chrome";s:7:"img_src";s:49:"http://s.wordpress.org/images/browsers/chrome.png";s:11:"img_src_ssl";s:48:"https://wordpress.org/images/browsers/chrome.png";s:15:"current_version";s:2:"18";s:7:"upgrade";b:0;s:8:"insecure";b:0;}', 'no'),
(135, 'theme_mods_pcgd', 'a:2:{s:18:"custom_css_post_id";i:-1;s:18:"nav_menu_locations";a:1:{s:7:"primary";i:2;}}', 'yes'),
(136, 'current_theme', '', 'yes'),
(137, 'theme_switched', '', 'yes'),
(143, 'nav_menu_options', 'a:2:{i:0;b:0;s:8:"auto_add";a:0:{}}', 'yes'),
(228, 'wpcf7', 'a:2:{s:7:"version";s:3:"4.7";s:13:"bulk_validate";a:4:{s:9:"timestamp";i:1493783951;s:7:"version";s:3:"4.7";s:11:"count_valid";i:1;s:13:"count_invalid";i:0;}}', 'yes'),
(229, 'recently_activated', 'a:0:{}', 'yes'),
(234, 'category_children', 'a:0:{}', 'yes'),
(248, 'tadv_settings', 'a:6:{s:9:"toolbar_1";s:106:"formatselect,bold,italic,blockquote,bullist,numlist,alignleft,aligncenter,alignright,link,unlink,undo,redo";s:9:"toolbar_2";s:103:"fontselect,fontsizeselect,outdent,indent,pastetext,removeformat,charmap,wp_more,forecolor,table,wp_help";s:9:"toolbar_3";s:0:"";s:9:"toolbar_4";s:0:"";s:7:"options";s:15:"menubar,advlist";s:7:"plugins";s:13:"table,advlist";}', 'yes'),
(249, 'tadv_admin_settings', 'a:2:{s:7:"options";s:8:"no_autop";s:16:"disabled_editors";s:0:"";}', 'yes'),
(250, 'tadv_version', '4000', 'yes'),
(254, '_site_transient_timeout_theme_roots', '1493796481', 'no'),
(255, '_site_transient_theme_roots', 'a:4:{s:4:"pcgd";s:7:"/themes";s:13:"twentyfifteen";s:7:"/themes";s:15:"twentyseventeen";s:7:"/themes";s:13:"twentysixteen";s:7:"/themes";}', 'no'),
(257, '_site_transient_timeout_poptags_40cd750bba9870f18aada2478b24840a', '1493805612', 'no'),
(258, '_site_transient_poptags_40cd750bba9870f18aada2478b24840a', 'O:8:"stdClass":100:{s:6:"widget";a:3:{s:4:"name";s:6:"widget";s:4:"slug";s:6:"widget";s:5:"count";i:4334;}s:4:"post";a:3:{s:4:"name";s:4:"post";s:4:"slug";s:4:"post";s:5:"count";i:2475;}s:5:"admin";a:3:{s:4:"name";s:5:"admin";s:4:"slug";s:5:"admin";s:5:"count";i:2343;}s:11:"woocommerce";a:3:{s:4:"name";s:11:"woocommerce";s:4:"slug";s:11:"woocommerce";s:5:"count";i:2041;}s:5:"posts";a:3:{s:4:"name";s:5:"posts";s:4:"slug";s:5:"posts";s:5:"count";i:1815;}s:8:"comments";a:3:{s:4:"name";s:8:"comments";s:4:"slug";s:8:"comments";s:5:"count";i:1576;}s:9:"shortcode";a:3:{s:4:"name";s:9:"shortcode";s:4:"slug";s:9:"shortcode";s:5:"count";i:1542;}s:7:"twitter";a:3:{s:4:"name";s:7:"twitter";s:4:"slug";s:7:"twitter";s:5:"count";i:1427;}s:6:"google";a:3:{s:4:"name";s:6:"google";s:4:"slug";s:6:"google";s:5:"count";i:1326;}s:6:"images";a:3:{s:4:"name";s:6:"images";s:4:"slug";s:6:"images";s:5:"count";i:1317;}s:8:"facebook";a:3:{s:4:"name";s:8:"facebook";s:4:"slug";s:8:"facebook";s:5:"count";i:1305;}s:7:"sidebar";a:3:{s:4:"name";s:7:"sidebar";s:4:"slug";s:7:"sidebar";s:5:"count";i:1266;}s:5:"image";a:3:{s:4:"name";s:5:"image";s:4:"slug";s:5:"image";s:5:"count";i:1254;}s:3:"seo";a:3:{s:4:"name";s:3:"seo";s:4:"slug";s:3:"seo";s:5:"count";i:1092;}s:4:"page";a:3:{s:4:"name";s:4:"page";s:4:"slug";s:4:"page";s:5:"count";i:1036;}s:7:"gallery";a:3:{s:4:"name";s:7:"gallery";s:4:"slug";s:7:"gallery";s:5:"count";i:1035;}s:6:"social";a:3:{s:4:"name";s:6:"social";s:4:"slug";s:6:"social";s:5:"count";i:980;}s:5:"email";a:3:{s:4:"name";s:5:"email";s:4:"slug";s:5:"email";s:5:"count";i:916;}s:5:"links";a:3:{s:4:"name";s:5:"links";s:4:"slug";s:5:"links";s:5:"count";i:810;}s:9:"ecommerce";a:3:{s:4:"name";s:9:"ecommerce";s:4:"slug";s:9:"ecommerce";s:5:"count";i:785;}s:5:"login";a:3:{s:4:"name";s:5:"login";s:4:"slug";s:5:"login";s:5:"count";i:780;}s:7:"widgets";a:3:{s:4:"name";s:7:"widgets";s:4:"slug";s:7:"widgets";s:5:"count";i:761;}s:5:"video";a:3:{s:4:"name";s:5:"video";s:4:"slug";s:5:"video";s:5:"count";i:751;}s:3:"rss";a:3:{s:4:"name";s:3:"rss";s:4:"slug";s:3:"rss";s:5:"count";i:663;}s:10:"buddypress";a:3:{s:4:"name";s:10:"buddypress";s:4:"slug";s:10:"buddypress";s:5:"count";i:651;}s:7:"content";a:3:{s:4:"name";s:7:"content";s:4:"slug";s:7:"content";s:5:"count";i:645;}s:4:"spam";a:3:{s:4:"name";s:4:"spam";s:4:"slug";s:4:"spam";s:5:"count";i:640;}s:5:"pages";a:3:{s:4:"name";s:5:"pages";s:4:"slug";s:5:"pages";s:5:"count";i:638;}s:6:"jquery";a:3:{s:4:"name";s:6:"jquery";s:4:"slug";s:6:"jquery";s:5:"count";i:634;}s:8:"security";a:3:{s:4:"name";s:8:"security";s:4:"slug";s:8:"security";s:5:"count";i:618;}s:6:"slider";a:3:{s:4:"name";s:6:"slider";s:4:"slug";s:6:"slider";s:5:"count";i:592;}s:4:"ajax";a:3:{s:4:"name";s:4:"ajax";s:4:"slug";s:4:"ajax";s:5:"count";i:590;}s:5:"media";a:3:{s:4:"name";s:5:"media";s:4:"slug";s:5:"media";s:5:"count";i:586;}s:8:"category";a:3:{s:4:"name";s:8:"category";s:4:"slug";s:8:"category";s:5:"count";i:571;}s:4:"feed";a:3:{s:4:"name";s:4:"feed";s:4:"slug";s:4:"feed";s:5:"count";i:569;}s:6:"search";a:3:{s:4:"name";s:6:"search";s:4:"slug";s:6:"search";s:5:"count";i:565;}s:9:"analytics";a:3:{s:4:"name";s:9:"analytics";s:4:"slug";s:9:"analytics";s:5:"count";i:562;}s:10:"e-commerce";a:3:{s:4:"name";s:10:"e-commerce";s:4:"slug";s:10:"e-commerce";s:5:"count";i:552;}s:4:"menu";a:3:{s:4:"name";s:4:"menu";s:4:"slug";s:4:"menu";s:5:"count";i:543;}s:5:"embed";a:3:{s:4:"name";s:5:"embed";s:4:"slug";s:5:"embed";s:5:"count";i:532;}s:10:"javascript";a:3:{s:4:"name";s:10:"javascript";s:4:"slug";s:10:"javascript";s:5:"count";i:526;}s:4:"link";a:3:{s:4:"name";s:4:"link";s:4:"slug";s:4:"link";s:5:"count";i:517;}s:4:"form";a:3:{s:4:"name";s:4:"form";s:4:"slug";s:4:"form";s:5:"count";i:513;}s:3:"css";a:3:{s:4:"name";s:3:"css";s:4:"slug";s:3:"css";s:5:"count";i:501;}s:5:"share";a:3:{s:4:"name";s:5:"share";s:4:"slug";s:5:"share";s:5:"count";i:493;}s:7:"comment";a:3:{s:4:"name";s:7:"comment";s:4:"slug";s:7:"comment";s:5:"count";i:486;}s:7:"youtube";a:3:{s:4:"name";s:7:"youtube";s:4:"slug";s:7:"youtube";s:5:"count";i:480;}s:5:"theme";a:3:{s:4:"name";s:5:"theme";s:4:"slug";s:5:"theme";s:5:"count";i:475;}s:10:"categories";a:3:{s:4:"name";s:10:"categories";s:4:"slug";s:10:"categories";s:5:"count";i:462;}s:6:"custom";a:3:{s:4:"name";s:6:"custom";s:4:"slug";s:6:"custom";s:5:"count";i:461;}s:10:"responsive";a:3:{s:4:"name";s:10:"responsive";s:4:"slug";s:10:"responsive";s:5:"count";i:454;}s:9:"dashboard";a:3:{s:4:"name";s:9:"dashboard";s:4:"slug";s:9:"dashboard";s:5:"count";i:454;}s:3:"ads";a:3:{s:4:"name";s:3:"ads";s:4:"slug";s:3:"ads";s:5:"count";i:438;}s:6:"button";a:3:{s:4:"name";s:6:"button";s:4:"slug";s:6:"button";s:5:"count";i:433;}s:4:"tags";a:3:{s:4:"name";s:4:"tags";s:4:"slug";s:4:"tags";s:5:"count";i:431;}s:9:"affiliate";a:3:{s:4:"name";s:9:"affiliate";s:4:"slug";s:9:"affiliate";s:5:"count";i:430;}s:6:"editor";a:3:{s:4:"name";s:6:"editor";s:4:"slug";s:6:"editor";s:5:"count";i:423;}s:5:"photo";a:3:{s:4:"name";s:5:"photo";s:4:"slug";s:5:"photo";s:5:"count";i:417;}s:4:"user";a:3:{s:4:"name";s:4:"user";s:4:"slug";s:4:"user";s:5:"count";i:408;}s:12:"contact-form";a:3:{s:4:"name";s:12:"contact form";s:4:"slug";s:12:"contact-form";s:5:"count";i:402;}s:9:"slideshow";a:3:{s:4:"name";s:9:"slideshow";s:4:"slug";s:9:"slideshow";s:5:"count";i:402;}s:6:"mobile";a:3:{s:4:"name";s:6:"mobile";s:4:"slug";s:6:"mobile";s:5:"count";i:401;}s:5:"stats";a:3:{s:4:"name";s:5:"stats";s:4:"slug";s:5:"stats";s:5:"count";i:398;}s:5:"users";a:3:{s:4:"name";s:5:"users";s:4:"slug";s:5:"users";s:5:"count";i:393;}s:7:"contact";a:3:{s:4:"name";s:7:"contact";s:4:"slug";s:7:"contact";s:5:"count";i:392;}s:6:"photos";a:3:{s:4:"name";s:6:"photos";s:4:"slug";s:6:"photos";s:5:"count";i:390;}s:10:"statistics";a:3:{s:4:"name";s:10:"statistics";s:4:"slug";s:10:"statistics";s:5:"count";i:374;}s:3:"api";a:3:{s:4:"name";s:3:"api";s:4:"slug";s:3:"api";s:5:"count";i:370;}s:10:"navigation";a:3:{s:4:"name";s:10:"navigation";s:4:"slug";s:10:"navigation";s:5:"count";i:362;}s:6:"events";a:3:{s:4:"name";s:6:"events";s:4:"slug";s:6:"events";s:5:"count";i:357;}s:4:"news";a:3:{s:4:"name";s:4:"news";s:4:"slug";s:4:"news";s:5:"count";i:348;}s:8:"calendar";a:3:{s:4:"name";s:8:"calendar";s:4:"slug";s:8:"calendar";s:5:"count";i:331;}s:7:"plugins";a:3:{s:4:"name";s:7:"plugins";s:4:"slug";s:7:"plugins";s:5:"count";i:330;}s:12:"social-media";a:3:{s:4:"name";s:12:"social media";s:4:"slug";s:12:"social-media";s:5:"count";i:330;}s:9:"multisite";a:3:{s:4:"name";s:9:"multisite";s:4:"slug";s:9:"multisite";s:5:"count";i:327;}s:10:"shortcodes";a:3:{s:4:"name";s:10:"shortcodes";s:4:"slug";s:10:"shortcodes";s:5:"count";i:321;}s:4:"code";a:3:{s:4:"name";s:4:"code";s:4:"slug";s:4:"code";s:5:"count";i:320;}s:4:"meta";a:3:{s:4:"name";s:4:"meta";s:4:"slug";s:4:"meta";s:5:"count";i:318;}s:4:"list";a:3:{s:4:"name";s:4:"list";s:4:"slug";s:4:"list";s:5:"count";i:317;}s:3:"url";a:3:{s:4:"name";s:3:"url";s:4:"slug";s:3:"url";s:5:"count";i:314;}s:7:"payment";a:3:{s:4:"name";s:7:"payment";s:4:"slug";s:7:"payment";s:5:"count";i:308;}s:10:"newsletter";a:3:{s:4:"name";s:10:"newsletter";s:4:"slug";s:10:"newsletter";s:5:"count";i:307;}s:3:"tag";a:3:{s:4:"name";s:3:"tag";s:4:"slug";s:3:"tag";s:5:"count";i:291;}s:6:"simple";a:3:{s:4:"name";s:6:"simple";s:4:"slug";s:6:"simple";s:5:"count";i:291;}s:5:"popup";a:3:{s:4:"name";s:5:"popup";s:4:"slug";s:5:"popup";s:5:"count";i:290;}s:9:"marketing";a:3:{s:4:"name";s:9:"marketing";s:4:"slug";s:9:"marketing";s:5:"count";i:287;}s:16:"custom-post-type";a:3:{s:4:"name";s:16:"custom post type";s:4:"slug";s:16:"custom-post-type";s:5:"count";i:285;}s:8:"redirect";a:3:{s:4:"name";s:8:"redirect";s:4:"slug";s:8:"redirect";s:5:"count";i:282;}s:11:"advertising";a:3:{s:4:"name";s:11:"advertising";s:4:"slug";s:11:"advertising";s:5:"count";i:280;}s:4:"chat";a:3:{s:4:"name";s:4:"chat";s:4:"slug";s:4:"chat";s:5:"count";i:279;}s:6:"author";a:3:{s:4:"name";s:6:"author";s:4:"slug";s:6:"author";s:5:"count";i:278;}s:4:"html";a:3:{s:4:"name";s:4:"html";s:4:"slug";s:4:"html";s:5:"count";i:270;}s:7:"adsense";a:3:{s:4:"name";s:7:"adsense";s:4:"slug";s:7:"adsense";s:5:"count";i:269;}s:5:"forms";a:3:{s:4:"name";s:5:"forms";s:4:"slug";s:5:"forms";s:5:"count";i:267;}s:8:"lightbox";a:3:{s:4:"name";s:8:"lightbox";s:4:"slug";s:8:"lightbox";s:5:"count";i:263;}s:14:"administration";a:3:{s:4:"name";s:14:"administration";s:4:"slug";s:14:"administration";s:5:"count";i:262;}s:12:"notification";a:3:{s:4:"name";s:12:"notification";s:4:"slug";s:12:"notification";s:5:"count";i:262;}s:15:"payment-gateway";a:3:{s:4:"name";s:15:"payment gateway";s:4:"slug";s:15:"payment-gateway";s:5:"count";i:262;}s:7:"captcha";a:3:{s:4:"name";s:7:"captcha";s:4:"slug";s:7:"captcha";s:5:"count";i:261;}s:7:"tinymce";a:3:{s:4:"name";s:7:"tinyMCE";s:4:"slug";s:7:"tinymce";s:5:"count";i:260;}}', 'no'),
(270, '_site_transient_update_plugins', 'O:8:"stdClass":5:{s:12:"last_checked";i:1493796284;s:7:"checked";a:5:{s:19:"akismet/akismet.php";s:3:"3.2";s:36:"contact-form-7/wp-contact-form-7.php";s:3:"4.7";s:9:"hello.php";s:3:"1.6";s:48:"simple-301-redirects/wp-simple-301-redirects.php";s:4:"1.07";s:37:"tinymce-advanced/tinymce-advanced.php";s:5:"4.5.6";}s:8:"response";a:1:{s:19:"akismet/akismet.php";O:8:"stdClass":8:{s:2:"id";s:21:"w.org/plugins/akismet";s:4:"slug";s:7:"akismet";s:6:"plugin";s:19:"akismet/akismet.php";s:11:"new_version";s:5:"3.3.1";s:3:"url";s:38:"https://wordpress.org/plugins/akismet/";s:7:"package";s:56:"https://downloads.wordpress.org/plugin/akismet.3.3.1.zip";s:6:"tested";s:5:"4.7.4";s:13:"compatibility";O:8:"stdClass":0:{}}}s:12:"translations";a:0:{}s:9:"no_update";a:4:{s:36:"contact-form-7/wp-contact-form-7.php";O:8:"stdClass":6:{s:2:"id";s:28:"w.org/plugins/contact-form-7";s:4:"slug";s:14:"contact-form-7";s:6:"plugin";s:36:"contact-form-7/wp-contact-form-7.php";s:11:"new_version";s:3:"4.7";s:3:"url";s:45:"https://wordpress.org/plugins/contact-form-7/";s:7:"package";s:61:"https://downloads.wordpress.org/plugin/contact-form-7.4.7.zip";}s:9:"hello.php";O:8:"stdClass":6:{s:2:"id";s:25:"w.org/plugins/hello-dolly";s:4:"slug";s:11:"hello-dolly";s:6:"plugin";s:9:"hello.php";s:11:"new_version";s:3:"1.6";s:3:"url";s:42:"https://wordpress.org/plugins/hello-dolly/";s:7:"package";s:58:"https://downloads.wordpress.org/plugin/hello-dolly.1.6.zip";}s:48:"simple-301-redirects/wp-simple-301-redirects.php";O:8:"stdClass":6:{s:2:"id";s:34:"w.org/plugins/simple-301-redirects";s:4:"slug";s:20:"simple-301-redirects";s:6:"plugin";s:48:"simple-301-redirects/wp-simple-301-redirects.php";s:11:"new_version";s:4:"1.07";s:3:"url";s:51:"https://wordpress.org/plugins/simple-301-redirects/";s:7:"package";s:68:"https://downloads.wordpress.org/plugin/simple-301-redirects.1.07.zip";}s:37:"tinymce-advanced/tinymce-advanced.php";O:8:"stdClass":6:{s:2:"id";s:30:"w.org/plugins/tinymce-advanced";s:4:"slug";s:16:"tinymce-advanced";s:6:"plugin";s:37:"tinymce-advanced/tinymce-advanced.php";s:11:"new_version";s:5:"4.5.6";s:3:"url";s:47:"https://wordpress.org/plugins/tinymce-advanced/";s:7:"package";s:65:"https://downloads.wordpress.org/plugin/tinymce-advanced.4.5.6.zip";}}}', 'no'),
(271, '301_redirects', 'a:1:{s:15:"%postname%.html";s:24:"/tegory%/%postname%.html";}', 'yes'),
(279, '_site_transient_timeout_available_translations', '1493811411', 'no');
INSERT INTO `shpoptions` (`option_id`, `option_name`, `option_value`, `autoload`) VALUES
(280, '_site_transient_available_translations', 'a:108:{s:2:"af";a:8:{s:8:"language";s:2:"af";s:7:"version";s:5:"4.7.4";s:7:"updated";s:19:"2017-03-27 04:32:49";s:12:"english_name";s:9:"Afrikaans";s:11:"native_name";s:9:"Afrikaans";s:7:"package";s:61:"https://downloads.wordpress.org/translation/core/4.7.4/af.zip";s:3:"iso";a:2:{i:1;s:2:"af";i:2;s:3:"afr";}s:7:"strings";a:1:{s:8:"continue";s:10:"Gaan voort";}}s:2:"ar";a:8:{s:8:"language";s:2:"ar";s:7:"version";s:5:"4.7.4";s:7:"updated";s:19:"2017-01-26 15:49:08";s:12:"english_name";s:6:"Arabic";s:11:"native_name";s:14:"العربية";s:7:"package";s:61:"https://downloads.wordpress.org/translation/core/4.7.4/ar.zip";s:3:"iso";a:2:{i:1;s:2:"ar";i:2;s:3:"ara";}s:7:"strings";a:1:{s:8:"continue";s:16:"المتابعة";}}s:3:"ary";a:8:{s:8:"language";s:3:"ary";s:7:"version";s:5:"4.7.4";s:7:"updated";s:19:"2017-01-26 15:42:35";s:12:"english_name";s:15:"Moroccan Arabic";s:11:"native_name";s:31:"العربية المغربية";s:7:"package";s:62:"https://downloads.wordpress.org/translation/core/4.7.4/ary.zip";s:3:"iso";a:2:{i:1;s:2:"ar";i:3;s:3:"ary";}s:7:"strings";a:1:{s:8:"continue";s:16:"المتابعة";}}s:2:"as";a:8:{s:8:"language";s:2:"as";s:7:"version";s:5:"4.7.2";s:7:"updated";s:19:"2016-11-22 18:59:07";s:12:"english_name";s:8:"Assamese";s:11:"native_name";s:21:"অসমীয়া";s:7:"package";s:61:"https://downloads.wordpress.org/translation/core/4.7.2/as.zip";s:3:"iso";a:3:{i:1;s:2:"as";i:2;s:3:"asm";i:3;s:3:"asm";}s:7:"strings";a:1:{s:8:"continue";s:0:"";}}s:3:"azb";a:8:{s:8:"language";s:3:"azb";s:7:"version";s:5:"4.7.2";s:7:"updated";s:19:"2016-09-12 20:34:31";s:12:"english_name";s:17:"South Azerbaijani";s:11:"native_name";s:29:"گؤنئی آذربایجان";s:7:"package";s:62:"https://downloads.wordpress.org/translation/core/4.7.2/azb.zip";s:3:"iso";a:2:{i:1;s:2:"az";i:3;s:3:"azb";}s:7:"strings";a:1:{s:8:"continue";s:8:"Continue";}}s:2:"az";a:8:{s:8:"language";s:2:"az";s:7:"version";s:5:"4.7.2";s:7:"updated";s:19:"2016-11-06 00:09:27";s:12:"english_name";s:11:"Azerbaijani";s:11:"native_name";s:16:"Azərbaycan dili";s:7:"package";s:61:"https://downloads.wordpress.org/translation/core/4.7.2/az.zip";s:3:"iso";a:2:{i:1;s:2:"az";i:2;s:3:"aze";}s:7:"strings";a:1:{s:8:"continue";s:5:"Davam";}}s:3:"bel";a:8:{s:8:"language";s:3:"bel";s:7:"version";s:5:"4.7.4";s:7:"updated";s:19:"2017-04-21 06:37:39";s:12:"english_name";s:10:"Belarusian";s:11:"native_name";s:29:"Беларуская мова";s:7:"package";s:62:"https://downloads.wordpress.org/translation/core/4.7.4/bel.zip";s:3:"iso";a:2:{i:1;s:2:"be";i:2;s:3:"bel";}s:7:"strings";a:1:{s:8:"continue";s:20:"Працягнуць";}}s:5:"bg_BG";a:8:{s:8:"language";s:5:"bg_BG";s:7:"version";s:5:"4.7.4";s:7:"updated";s:19:"2017-03-06 09:18:57";s:12:"english_name";s:9:"Bulgarian";s:11:"native_name";s:18:"Български";s:7:"package";s:64:"https://downloads.wordpress.org/translation/core/4.7.4/bg_BG.zip";s:3:"iso";a:2:{i:1;s:2:"bg";i:2;s:3:"bul";}s:7:"strings";a:1:{s:8:"continue";s:12:"Напред";}}s:5:"bn_BD";a:8:{s:8:"language";s:5:"bn_BD";s:7:"version";s:5:"4.7.2";s:7:"updated";s:19:"2017-01-04 16:58:43";s:12:"english_name";s:7:"Bengali";s:11:"native_name";s:15:"বাংলা";s:7:"package";s:64:"https://downloads.wordpress.org/translation/core/4.7.2/bn_BD.zip";s:3:"iso";a:1:{i:1;s:2:"bn";}s:7:"strings";a:1:{s:8:"continue";s:23:"এগিয়ে চল.";}}s:2:"bo";a:8:{s:8:"language";s:2:"bo";s:7:"version";s:5:"4.7.2";s:7:"updated";s:19:"2016-09-05 09:44:12";s:12:"english_name";s:7:"Tibetan";s:11:"native_name";s:21:"བོད་ཡིག";s:7:"package";s:61:"https://downloads.wordpress.org/translation/core/4.7.2/bo.zip";s:3:"iso";a:2:{i:1;s:2:"bo";i:2;s:3:"tib";}s:7:"strings";a:1:{s:8:"continue";s:24:"མུ་མཐུད།";}}s:5:"bs_BA";a:8:{s:8:"language";s:5:"bs_BA";s:7:"version";s:5:"4.7.2";s:7:"updated";s:19:"2016-09-04 20:20:28";s:12:"english_name";s:7:"Bosnian";s:11:"native_name";s:8:"Bosanski";s:7:"package";s:64:"https://downloads.wordpress.org/translation/core/4.7.2/bs_BA.zip";s:3:"iso";a:2:{i:1;s:2:"bs";i:2;s:3:"bos";}s:7:"strings";a:1:{s:8:"continue";s:7:"Nastavi";}}s:2:"ca";a:8:{s:8:"language";s:2:"ca";s:7:"version";s:5:"4.7.4";s:7:"updated";s:19:"2017-03-05 11:34:47";s:12:"english_name";s:7:"Catalan";s:11:"native_name";s:7:"Català";s:7:"package";s:61:"https://downloads.wordpress.org/translation/core/4.7.4/ca.zip";s:3:"iso";a:2:{i:1;s:2:"ca";i:2;s:3:"cat";}s:7:"strings";a:1:{s:8:"continue";s:8:"Continua";}}s:3:"ceb";a:8:{s:8:"language";s:3:"ceb";s:7:"version";s:5:"4.7.2";s:7:"updated";s:19:"2016-03-02 17:25:51";s:12:"english_name";s:7:"Cebuano";s:11:"native_name";s:7:"Cebuano";s:7:"package";s:62:"https://downloads.wordpress.org/translation/core/4.7.2/ceb.zip";s:3:"iso";a:2:{i:2;s:3:"ceb";i:3;s:3:"ceb";}s:7:"strings";a:1:{s:8:"continue";s:7:"Padayun";}}s:5:"cs_CZ";a:8:{s:8:"language";s:5:"cs_CZ";s:7:"version";s:5:"4.7.2";s:7:"updated";s:19:"2017-01-12 08:46:26";s:12:"english_name";s:5:"Czech";s:11:"native_name";s:12:"Čeština‎";s:7:"package";s:64:"https://downloads.wordpress.org/translation/core/4.7.2/cs_CZ.zip";s:3:"iso";a:2:{i:1;s:2:"cs";i:2;s:3:"ces";}s:7:"strings";a:1:{s:8:"continue";s:11:"Pokračovat";}}s:2:"cy";a:8:{s:8:"language";s:2:"cy";s:7:"version";s:5:"4.7.4";s:7:"updated";s:19:"2017-01-26 15:49:29";s:12:"english_name";s:5:"Welsh";s:11:"native_name";s:7:"Cymraeg";s:7:"package";s:61:"https://downloads.wordpress.org/translation/core/4.7.4/cy.zip";s:3:"iso";a:2:{i:1;s:2:"cy";i:2;s:3:"cym";}s:7:"strings";a:1:{s:8:"continue";s:6:"Parhau";}}s:5:"da_DK";a:8:{s:8:"language";s:5:"da_DK";s:7:"version";s:5:"4.7.4";s:7:"updated";s:19:"2017-04-05 09:50:06";s:12:"english_name";s:6:"Danish";s:11:"native_name";s:5:"Dansk";s:7:"package";s:64:"https://downloads.wordpress.org/translation/core/4.7.4/da_DK.zip";s:3:"iso";a:2:{i:1;s:2:"da";i:2;s:3:"dan";}s:7:"strings";a:1:{s:8:"continue";s:12:"Forts&#230;t";}}s:14:"de_CH_informal";a:8:{s:8:"language";s:14:"de_CH_informal";s:7:"version";s:5:"4.7.4";s:7:"updated";s:19:"2017-01-26 15:39:59";s:12:"english_name";s:30:"German (Switzerland, Informal)";s:11:"native_name";s:21:"Deutsch (Schweiz, Du)";s:7:"package";s:73:"https://downloads.wordpress.org/translation/core/4.7.4/de_CH_informal.zip";s:3:"iso";a:1:{i:1;s:2:"de";}s:7:"strings";a:1:{s:8:"continue";s:6:"Weiter";}}s:5:"de_CH";a:8:{s:8:"language";s:5:"de_CH";s:7:"version";s:5:"4.7.4";s:7:"updated";s:19:"2017-01-26 15:40:03";s:12:"english_name";s:20:"German (Switzerland)";s:11:"native_name";s:17:"Deutsch (Schweiz)";s:7:"package";s:64:"https://downloads.wordpress.org/translation/core/4.7.4/de_CH.zip";s:3:"iso";a:1:{i:1;s:2:"de";}s:7:"strings";a:1:{s:8:"continue";s:6:"Weiter";}}s:12:"de_DE_formal";a:8:{s:8:"language";s:12:"de_DE_formal";s:7:"version";s:5:"4.7.4";s:7:"updated";s:19:"2017-04-28 14:35:15";s:12:"english_name";s:15:"German (Formal)";s:11:"native_name";s:13:"Deutsch (Sie)";s:7:"package";s:71:"https://downloads.wordpress.org/translation/core/4.7.4/de_DE_formal.zip";s:3:"iso";a:1:{i:1;s:2:"de";}s:7:"strings";a:1:{s:8:"continue";s:6:"Weiter";}}s:5:"de_DE";a:8:{s:8:"language";s:5:"de_DE";s:7:"version";s:5:"4.7.4";s:7:"updated";s:19:"2017-03-18 13:57:42";s:12:"english_name";s:6:"German";s:11:"native_name";s:7:"Deutsch";s:7:"package";s:64:"https://downloads.wordpress.org/translation/core/4.7.4/de_DE.zip";s:3:"iso";a:1:{i:1;s:2:"de";}s:7:"strings";a:1:{s:8:"continue";s:6:"Weiter";}}s:3:"dzo";a:8:{s:8:"language";s:3:"dzo";s:7:"version";s:5:"4.7.2";s:7:"updated";s:19:"2016-06-29 08:59:03";s:12:"english_name";s:8:"Dzongkha";s:11:"native_name";s:18:"རྫོང་ཁ";s:7:"package";s:62:"https://downloads.wordpress.org/translation/core/4.7.2/dzo.zip";s:3:"iso";a:2:{i:1;s:2:"dz";i:2;s:3:"dzo";}s:7:"strings";a:1:{s:8:"continue";s:0:"";}}s:2:"el";a:8:{s:8:"language";s:2:"el";s:7:"version";s:5:"4.7.4";s:7:"updated";s:19:"2017-04-25 21:05:27";s:12:"english_name";s:5:"Greek";s:11:"native_name";s:16:"Ελληνικά";s:7:"package";s:61:"https://downloads.wordpress.org/translation/core/4.7.4/el.zip";s:3:"iso";a:2:{i:1;s:2:"el";i:2;s:3:"ell";}s:7:"strings";a:1:{s:8:"continue";s:16:"Συνέχεια";}}s:5:"en_AU";a:8:{s:8:"language";s:5:"en_AU";s:7:"version";s:5:"4.7.4";s:7:"updated";s:19:"2017-01-27 00:40:28";s:12:"english_name";s:19:"English (Australia)";s:11:"native_name";s:19:"English (Australia)";s:7:"package";s:64:"https://downloads.wordpress.org/translation/core/4.7.4/en_AU.zip";s:3:"iso";a:3:{i:1;s:2:"en";i:2;s:3:"eng";i:3;s:3:"eng";}s:7:"strings";a:1:{s:8:"continue";s:8:"Continue";}}s:5:"en_CA";a:8:{s:8:"language";s:5:"en_CA";s:7:"version";s:5:"4.7.4";s:7:"updated";s:19:"2017-01-26 15:49:34";s:12:"english_name";s:16:"English (Canada)";s:11:"native_name";s:16:"English (Canada)";s:7:"package";s:64:"https://downloads.wordpress.org/translation/core/4.7.4/en_CA.zip";s:3:"iso";a:3:{i:1;s:2:"en";i:2;s:3:"eng";i:3;s:3:"eng";}s:7:"strings";a:1:{s:8:"continue";s:8:"Continue";}}s:5:"en_NZ";a:8:{s:8:"language";s:5:"en_NZ";s:7:"version";s:5:"4.7.4";s:7:"updated";s:19:"2017-01-26 15:54:30";s:12:"english_name";s:21:"English (New Zealand)";s:11:"native_name";s:21:"English (New Zealand)";s:7:"package";s:64:"https://downloads.wordpress.org/translation/core/4.7.4/en_NZ.zip";s:3:"iso";a:3:{i:1;s:2:"en";i:2;s:3:"eng";i:3;s:3:"eng";}s:7:"strings";a:1:{s:8:"continue";s:8:"Continue";}}s:5:"en_ZA";a:8:{s:8:"language";s:5:"en_ZA";s:7:"version";s:5:"4.7.4";s:7:"updated";s:19:"2017-01-26 15:53:43";s:12:"english_name";s:22:"English (South Africa)";s:11:"native_name";s:22:"English (South Africa)";s:7:"package";s:64:"https://downloads.wordpress.org/translation/core/4.7.4/en_ZA.zip";s:3:"iso";a:3:{i:1;s:2:"en";i:2;s:3:"eng";i:3;s:3:"eng";}s:7:"strings";a:1:{s:8:"continue";s:8:"Continue";}}s:5:"en_GB";a:8:{s:8:"language";s:5:"en_GB";s:7:"version";s:5:"4.7.4";s:7:"updated";s:19:"2017-01-28 03:10:25";s:12:"english_name";s:12:"English (UK)";s:11:"native_name";s:12:"English (UK)";s:7:"package";s:64:"https://downloads.wordpress.org/translation/core/4.7.4/en_GB.zip";s:3:"iso";a:3:{i:1;s:2:"en";i:2;s:3:"eng";i:3;s:3:"eng";}s:7:"strings";a:1:{s:8:"continue";s:8:"Continue";}}s:2:"eo";a:8:{s:8:"language";s:2:"eo";s:7:"version";s:5:"4.7.4";s:7:"updated";s:19:"2017-01-26 15:47:07";s:12:"english_name";s:9:"Esperanto";s:11:"native_name";s:9:"Esperanto";s:7:"package";s:61:"https://downloads.wordpress.org/translation/core/4.7.4/eo.zip";s:3:"iso";a:2:{i:1;s:2:"eo";i:2;s:3:"epo";}s:7:"strings";a:1:{s:8:"continue";s:8:"Daŭrigi";}}s:5:"es_AR";a:8:{s:8:"language";s:5:"es_AR";s:7:"version";s:5:"4.7.4";s:7:"updated";s:19:"2017-01-26 15:41:31";s:12:"english_name";s:19:"Spanish (Argentina)";s:11:"native_name";s:21:"Español de Argentina";s:7:"package";s:64:"https://downloads.wordpress.org/translation/core/4.7.4/es_AR.zip";s:3:"iso";a:2:{i:1;s:2:"es";i:2;s:3:"spa";}s:7:"strings";a:1:{s:8:"continue";s:9:"Continuar";}}s:5:"es_CO";a:8:{s:8:"language";s:5:"es_CO";s:7:"version";s:5:"4.7.4";s:7:"updated";s:19:"2017-01-26 15:54:37";s:12:"english_name";s:18:"Spanish (Colombia)";s:11:"native_name";s:20:"Español de Colombia";s:7:"package";s:64:"https://downloads.wordpress.org/translation/core/4.7.4/es_CO.zip";s:3:"iso";a:2:{i:1;s:2:"es";i:2;s:3:"spa";}s:7:"strings";a:1:{s:8:"continue";s:9:"Continuar";}}s:5:"es_GT";a:8:{s:8:"language";s:5:"es_GT";s:7:"version";s:5:"4.7.4";s:7:"updated";s:19:"2017-01-26 15:54:37";s:12:"english_name";s:19:"Spanish (Guatemala)";s:11:"native_name";s:21:"Español de Guatemala";s:7:"package";s:64:"https://downloads.wordpress.org/translation/core/4.7.4/es_GT.zip";s:3:"iso";a:2:{i:1;s:2:"es";i:2;s:3:"spa";}s:7:"strings";a:1:{s:8:"continue";s:9:"Continuar";}}s:5:"es_MX";a:8:{s:8:"language";s:5:"es_MX";s:7:"version";s:5:"4.7.4";s:7:"updated";s:19:"2017-01-26 15:42:28";s:12:"english_name";s:16:"Spanish (Mexico)";s:11:"native_name";s:19:"Español de México";s:7:"package";s:64:"https://downloads.wordpress.org/translation/core/4.7.4/es_MX.zip";s:3:"iso";a:2:{i:1;s:2:"es";i:2;s:3:"spa";}s:7:"strings";a:1:{s:8:"continue";s:9:"Continuar";}}s:5:"es_ES";a:8:{s:8:"language";s:5:"es_ES";s:7:"version";s:5:"4.7.4";s:7:"updated";s:19:"2017-04-23 11:29:34";s:12:"english_name";s:15:"Spanish (Spain)";s:11:"native_name";s:8:"Español";s:7:"package";s:64:"https://downloads.wordpress.org/translation/core/4.7.4/es_ES.zip";s:3:"iso";a:1:{i:1;s:2:"es";}s:7:"strings";a:1:{s:8:"continue";s:9:"Continuar";}}s:5:"es_VE";a:8:{s:8:"language";s:5:"es_VE";s:7:"version";s:5:"4.7.4";s:7:"updated";s:19:"2017-04-23 23:02:31";s:12:"english_name";s:19:"Spanish (Venezuela)";s:11:"native_name";s:21:"Español de Venezuela";s:7:"package";s:64:"https://downloads.wordpress.org/translation/core/4.7.4/es_VE.zip";s:3:"iso";a:2:{i:1;s:2:"es";i:2;s:3:"spa";}s:7:"strings";a:1:{s:8:"continue";s:9:"Continuar";}}s:5:"es_CL";a:8:{s:8:"language";s:5:"es_CL";s:7:"version";s:5:"4.7.2";s:7:"updated";s:19:"2016-11-28 20:09:49";s:12:"english_name";s:15:"Spanish (Chile)";s:11:"native_name";s:17:"Español de Chile";s:7:"package";s:64:"https://downloads.wordpress.org/translation/core/4.7.2/es_CL.zip";s:3:"iso";a:2:{i:1;s:2:"es";i:2;s:3:"spa";}s:7:"strings";a:1:{s:8:"continue";s:9:"Continuar";}}s:5:"es_PE";a:8:{s:8:"language";s:5:"es_PE";s:7:"version";s:5:"4.7.2";s:7:"updated";s:19:"2016-09-09 09:36:22";s:12:"english_name";s:14:"Spanish (Peru)";s:11:"native_name";s:17:"Español de Perú";s:7:"package";s:64:"https://downloads.wordpress.org/translation/core/4.7.2/es_PE.zip";s:3:"iso";a:2:{i:1;s:2:"es";i:2;s:3:"spa";}s:7:"strings";a:1:{s:8:"continue";s:9:"Continuar";}}s:2:"et";a:8:{s:8:"language";s:2:"et";s:7:"version";s:5:"4.7.2";s:7:"updated";s:19:"2017-01-27 16:37:11";s:12:"english_name";s:8:"Estonian";s:11:"native_name";s:5:"Eesti";s:7:"package";s:61:"https://downloads.wordpress.org/translation/core/4.7.2/et.zip";s:3:"iso";a:2:{i:1;s:2:"et";i:2;s:3:"est";}s:7:"strings";a:1:{s:8:"continue";s:6:"Jätka";}}s:2:"eu";a:8:{s:8:"language";s:2:"eu";s:7:"version";s:5:"4.7.4";s:7:"updated";s:19:"2017-01-26 15:54:33";s:12:"english_name";s:6:"Basque";s:11:"native_name";s:7:"Euskara";s:7:"package";s:61:"https://downloads.wordpress.org/translation/core/4.7.4/eu.zip";s:3:"iso";a:2:{i:1;s:2:"eu";i:2;s:3:"eus";}s:7:"strings";a:1:{s:8:"continue";s:8:"Jarraitu";}}s:5:"fa_IR";a:8:{s:8:"language";s:5:"fa_IR";s:7:"version";s:5:"4.7.4";s:7:"updated";s:19:"2017-02-02 15:21:03";s:12:"english_name";s:7:"Persian";s:11:"native_name";s:10:"فارسی";s:7:"package";s:64:"https://downloads.wordpress.org/translation/core/4.7.4/fa_IR.zip";s:3:"iso";a:2:{i:1;s:2:"fa";i:2;s:3:"fas";}s:7:"strings";a:1:{s:8:"continue";s:10:"ادامه";}}s:2:"fi";a:8:{s:8:"language";s:2:"fi";s:7:"version";s:5:"4.7.4";s:7:"updated";s:19:"2017-01-26 15:42:25";s:12:"english_name";s:7:"Finnish";s:11:"native_name";s:5:"Suomi";s:7:"package";s:61:"https://downloads.wordpress.org/translation/core/4.7.4/fi.zip";s:3:"iso";a:2:{i:1;s:2:"fi";i:2;s:3:"fin";}s:7:"strings";a:1:{s:8:"continue";s:5:"Jatka";}}s:5:"fr_CA";a:8:{s:8:"language";s:5:"fr_CA";s:7:"version";s:5:"4.7.4";s:7:"updated";s:19:"2017-02-03 21:08:25";s:12:"english_name";s:15:"French (Canada)";s:11:"native_name";s:19:"Français du Canada";s:7:"package";s:64:"https://downloads.wordpress.org/translation/core/4.7.4/fr_CA.zip";s:3:"iso";a:2:{i:1;s:2:"fr";i:2;s:3:"fra";}s:7:"strings";a:1:{s:8:"continue";s:9:"Continuer";}}s:5:"fr_FR";a:8:{s:8:"language";s:5:"fr_FR";s:7:"version";s:5:"4.7.4";s:7:"updated";s:19:"2017-04-26 14:04:42";s:12:"english_name";s:15:"French (France)";s:11:"native_name";s:9:"Français";s:7:"package";s:64:"https://downloads.wordpress.org/translation/core/4.7.4/fr_FR.zip";s:3:"iso";a:1:{i:1;s:2:"fr";}s:7:"strings";a:1:{s:8:"continue";s:9:"Continuer";}}s:5:"fr_BE";a:8:{s:8:"language";s:5:"fr_BE";s:7:"version";s:5:"4.7.4";s:7:"updated";s:19:"2017-01-26 15:40:32";s:12:"english_name";s:16:"French (Belgium)";s:11:"native_name";s:21:"Français de Belgique";s:7:"package";s:64:"https://downloads.wordpress.org/translation/core/4.7.4/fr_BE.zip";s:3:"iso";a:2:{i:1;s:2:"fr";i:2;s:3:"fra";}s:7:"strings";a:1:{s:8:"continue";s:9:"Continuer";}}s:2:"gd";a:8:{s:8:"language";s:2:"gd";s:7:"version";s:5:"4.7.2";s:7:"updated";s:19:"2016-08-23 17:41:37";s:12:"english_name";s:15:"Scottish Gaelic";s:11:"native_name";s:9:"Gàidhlig";s:7:"package";s:61:"https://downloads.wordpress.org/translation/core/4.7.2/gd.zip";s:3:"iso";a:3:{i:1;s:2:"gd";i:2;s:3:"gla";i:3;s:3:"gla";}s:7:"strings";a:1:{s:8:"continue";s:15:"Lean air adhart";}}s:5:"gl_ES";a:8:{s:8:"language";s:5:"gl_ES";s:7:"version";s:5:"4.7.2";s:7:"updated";s:19:"2017-01-26 15:40:27";s:12:"english_name";s:8:"Galician";s:11:"native_name";s:6:"Galego";s:7:"package";s:64:"https://downloads.wordpress.org/translation/core/4.7.2/gl_ES.zip";s:3:"iso";a:2:{i:1;s:2:"gl";i:2;s:3:"glg";}s:7:"strings";a:1:{s:8:"continue";s:9:"Continuar";}}s:2:"gu";a:8:{s:8:"language";s:2:"gu";s:7:"version";s:5:"4.7.4";s:7:"updated";s:19:"2017-04-21 14:17:42";s:12:"english_name";s:8:"Gujarati";s:11:"native_name";s:21:"ગુજરાતી";s:7:"package";s:61:"https://downloads.wordpress.org/translation/core/4.7.4/gu.zip";s:3:"iso";a:2:{i:1;s:2:"gu";i:2;s:3:"guj";}s:7:"strings";a:1:{s:8:"continue";s:31:"ચાલુ રાખવું";}}s:3:"haz";a:8:{s:8:"language";s:3:"haz";s:7:"version";s:5:"4.4.2";s:7:"updated";s:19:"2015-12-05 00:59:09";s:12:"english_name";s:8:"Hazaragi";s:11:"native_name";s:15:"هزاره گی";s:7:"package";s:62:"https://downloads.wordpress.org/translation/core/4.4.2/haz.zip";s:3:"iso";a:1:{i:3;s:3:"haz";}s:7:"strings";a:1:{s:8:"continue";s:10:"ادامه";}}s:5:"he_IL";a:8:{s:8:"language";s:5:"he_IL";s:7:"version";s:5:"4.7.4";s:7:"updated";s:19:"2017-01-29 21:21:10";s:12:"english_name";s:6:"Hebrew";s:11:"native_name";s:16:"עִבְרִית";s:7:"package";s:64:"https://downloads.wordpress.org/translation/core/4.7.4/he_IL.zip";s:3:"iso";a:1:{i:1;s:2:"he";}s:7:"strings";a:1:{s:8:"continue";s:8:"המשך";}}s:5:"hi_IN";a:8:{s:8:"language";s:5:"hi_IN";s:7:"version";s:5:"4.7.4";s:7:"updated";s:19:"2017-05-01 10:53:22";s:12:"english_name";s:5:"Hindi";s:11:"native_name";s:18:"हिन्दी";s:7:"package";s:64:"https://downloads.wordpress.org/translation/core/4.7.4/hi_IN.zip";s:3:"iso";a:2:{i:1;s:2:"hi";i:2;s:3:"hin";}s:7:"strings";a:1:{s:8:"continue";s:12:"जारी";}}s:2:"hr";a:8:{s:8:"language";s:2:"hr";s:7:"version";s:5:"4.7.4";s:7:"updated";s:19:"2017-03-28 13:34:22";s:12:"english_name";s:8:"Croatian";s:11:"native_name";s:8:"Hrvatski";s:7:"package";s:61:"https://downloads.wordpress.org/translation/core/4.7.4/hr.zip";s:3:"iso";a:2:{i:1;s:2:"hr";i:2;s:3:"hrv";}s:7:"strings";a:1:{s:8:"continue";s:7:"Nastavi";}}s:5:"hu_HU";a:8:{s:8:"language";s:5:"hu_HU";s:7:"version";s:5:"4.7.2";s:7:"updated";s:19:"2017-01-26 15:48:39";s:12:"english_name";s:9:"Hungarian";s:11:"native_name";s:6:"Magyar";s:7:"package";s:64:"https://downloads.wordpress.org/translation/core/4.7.2/hu_HU.zip";s:3:"iso";a:2:{i:1;s:2:"hu";i:2;s:3:"hun";}s:7:"strings";a:1:{s:8:"continue";s:10:"Folytatás";}}s:2:"hy";a:8:{s:8:"language";s:2:"hy";s:7:"version";s:5:"4.7.2";s:7:"updated";s:19:"2016-12-03 16:21:10";s:12:"english_name";s:8:"Armenian";s:11:"native_name";s:14:"Հայերեն";s:7:"package";s:61:"https://downloads.wordpress.org/translation/core/4.7.2/hy.zip";s:3:"iso";a:2:{i:1;s:2:"hy";i:2;s:3:"hye";}s:7:"strings";a:1:{s:8:"continue";s:20:"Շարունակել";}}s:5:"id_ID";a:8:{s:8:"language";s:5:"id_ID";s:7:"version";s:5:"4.7.4";s:7:"updated";s:19:"2017-05-02 14:01:52";s:12:"english_name";s:10:"Indonesian";s:11:"native_name";s:16:"Bahasa Indonesia";s:7:"package";s:64:"https://downloads.wordpress.org/translation/core/4.7.4/id_ID.zip";s:3:"iso";a:2:{i:1;s:2:"id";i:2;s:3:"ind";}s:7:"strings";a:1:{s:8:"continue";s:9:"Lanjutkan";}}s:5:"is_IS";a:8:{s:8:"language";s:5:"is_IS";s:7:"version";s:5:"4.7.4";s:7:"updated";s:19:"2017-04-13 13:55:54";s:12:"english_name";s:9:"Icelandic";s:11:"native_name";s:9:"Íslenska";s:7:"package";s:64:"https://downloads.wordpress.org/translation/core/4.7.4/is_IS.zip";s:3:"iso";a:2:{i:1;s:2:"is";i:2;s:3:"isl";}s:7:"strings";a:1:{s:8:"continue";s:6:"Áfram";}}s:5:"it_IT";a:8:{s:8:"language";s:5:"it_IT";s:7:"version";s:5:"4.7.4";s:7:"updated";s:19:"2017-04-08 04:57:54";s:12:"english_name";s:7:"Italian";s:11:"native_name";s:8:"Italiano";s:7:"package";s:64:"https://downloads.wordpress.org/translation/core/4.7.4/it_IT.zip";s:3:"iso";a:2:{i:1;s:2:"it";i:2;s:3:"ita";}s:7:"strings";a:1:{s:8:"continue";s:8:"Continua";}}s:2:"ja";a:8:{s:8:"language";s:2:"ja";s:7:"version";s:5:"4.7.4";s:7:"updated";s:19:"2017-05-02 05:13:51";s:12:"english_name";s:8:"Japanese";s:11:"native_name";s:9:"日本語";s:7:"package";s:61:"https://downloads.wordpress.org/translation/core/4.7.4/ja.zip";s:3:"iso";a:1:{i:1;s:2:"ja";}s:7:"strings";a:1:{s:8:"continue";s:9:"続ける";}}s:5:"ka_GE";a:8:{s:8:"language";s:5:"ka_GE";s:7:"version";s:5:"4.7.4";s:7:"updated";s:19:"2017-04-05 06:17:00";s:12:"english_name";s:8:"Georgian";s:11:"native_name";s:21:"ქართული";s:7:"package";s:64:"https://downloads.wordpress.org/translation/core/4.7.4/ka_GE.zip";s:3:"iso";a:2:{i:1;s:2:"ka";i:2;s:3:"kat";}s:7:"strings";a:1:{s:8:"continue";s:30:"გაგრძელება";}}s:3:"kab";a:8:{s:8:"language";s:3:"kab";s:7:"version";s:5:"4.7.2";s:7:"updated";s:19:"2017-01-26 15:39:13";s:12:"english_name";s:6:"Kabyle";s:11:"native_name";s:9:"Taqbaylit";s:7:"package";s:62:"https://downloads.wordpress.org/translation/core/4.7.2/kab.zip";s:3:"iso";a:2:{i:2;s:3:"kab";i:3;s:3:"kab";}s:7:"strings";a:1:{s:8:"continue";s:6:"Kemmel";}}s:2:"km";a:8:{s:8:"language";s:2:"km";s:7:"version";s:5:"4.7.2";s:7:"updated";s:19:"2016-12-07 02:07:59";s:12:"english_name";s:5:"Khmer";s:11:"native_name";s:27:"ភាសាខ្មែរ";s:7:"package";s:61:"https://downloads.wordpress.org/translation/core/4.7.2/km.zip";s:3:"iso";a:2:{i:1;s:2:"km";i:2;s:3:"khm";}s:7:"strings";a:1:{s:8:"continue";s:12:"បន្ត";}}s:5:"ko_KR";a:8:{s:8:"language";s:5:"ko_KR";s:7:"version";s:5:"4.7.4";s:7:"updated";s:19:"2017-04-18 05:09:08";s:12:"english_name";s:6:"Korean";s:11:"native_name";s:9:"한국어";s:7:"package";s:64:"https://downloads.wordpress.org/translation/core/4.7.4/ko_KR.zip";s:3:"iso";a:2:{i:1;s:2:"ko";i:2;s:3:"kor";}s:7:"strings";a:1:{s:8:"continue";s:6:"계속";}}s:3:"ckb";a:8:{s:8:"language";s:3:"ckb";s:7:"version";s:5:"4.7.2";s:7:"updated";s:19:"2017-01-26 15:48:25";s:12:"english_name";s:16:"Kurdish (Sorani)";s:11:"native_name";s:13:"كوردی‎";s:7:"package";s:62:"https://downloads.wordpress.org/translation/core/4.7.2/ckb.zip";s:3:"iso";a:2:{i:1;s:2:"ku";i:3;s:3:"ckb";}s:7:"strings";a:1:{s:8:"continue";s:30:"به‌رده‌وام به‌";}}s:2:"lo";a:8:{s:8:"language";s:2:"lo";s:7:"version";s:5:"4.7.2";s:7:"updated";s:19:"2016-11-12 09:59:23";s:12:"english_name";s:3:"Lao";s:11:"native_name";s:21:"ພາສາລາວ";s:7:"package";s:61:"https://downloads.wordpress.org/translation/core/4.7.2/lo.zip";s:3:"iso";a:2:{i:1;s:2:"lo";i:2;s:3:"lao";}s:7:"strings";a:1:{s:8:"continue";s:18:"ຕໍ່​ໄປ";}}s:5:"lt_LT";a:8:{s:8:"language";s:5:"lt_LT";s:7:"version";s:5:"4.7.4";s:7:"updated";s:19:"2017-03-30 09:46:13";s:12:"english_name";s:10:"Lithuanian";s:11:"native_name";s:15:"Lietuvių kalba";s:7:"package";s:64:"https://downloads.wordpress.org/translation/core/4.7.4/lt_LT.zip";s:3:"iso";a:2:{i:1;s:2:"lt";i:2;s:3:"lit";}s:7:"strings";a:1:{s:8:"continue";s:6:"Tęsti";}}s:2:"lv";a:8:{s:8:"language";s:2:"lv";s:7:"version";s:5:"4.7.4";s:7:"updated";s:19:"2017-03-17 20:40:40";s:12:"english_name";s:7:"Latvian";s:11:"native_name";s:16:"Latviešu valoda";s:7:"package";s:61:"https://downloads.wordpress.org/translation/core/4.7.4/lv.zip";s:3:"iso";a:2:{i:1;s:2:"lv";i:2;s:3:"lav";}s:7:"strings";a:1:{s:8:"continue";s:9:"Turpināt";}}s:5:"mk_MK";a:8:{s:8:"language";s:5:"mk_MK";s:7:"version";s:5:"4.7.4";s:7:"updated";s:19:"2017-01-26 15:54:41";s:12:"english_name";s:10:"Macedonian";s:11:"native_name";s:31:"Македонски јазик";s:7:"package";s:64:"https://downloads.wordpress.org/translation/core/4.7.4/mk_MK.zip";s:3:"iso";a:2:{i:1;s:2:"mk";i:2;s:3:"mkd";}s:7:"strings";a:1:{s:8:"continue";s:16:"Продолжи";}}s:5:"ml_IN";a:8:{s:8:"language";s:5:"ml_IN";s:7:"version";s:5:"4.7.2";s:7:"updated";s:19:"2017-01-27 03:43:32";s:12:"english_name";s:9:"Malayalam";s:11:"native_name";s:18:"മലയാളം";s:7:"package";s:64:"https://downloads.wordpress.org/translation/core/4.7.2/ml_IN.zip";s:3:"iso";a:2:{i:1;s:2:"ml";i:2;s:3:"mal";}s:7:"strings";a:1:{s:8:"continue";s:18:"തുടരുക";}}s:2:"mn";a:8:{s:8:"language";s:2:"mn";s:7:"version";s:5:"4.7.2";s:7:"updated";s:19:"2017-01-12 07:29:35";s:12:"english_name";s:9:"Mongolian";s:11:"native_name";s:12:"Монгол";s:7:"package";s:61:"https://downloads.wordpress.org/translation/core/4.7.2/mn.zip";s:3:"iso";a:2:{i:1;s:2:"mn";i:2;s:3:"mon";}s:7:"strings";a:1:{s:8:"continue";s:24:"Үргэлжлүүлэх";}}s:2:"mr";a:8:{s:8:"language";s:2:"mr";s:7:"version";s:5:"4.7.4";s:7:"updated";s:19:"2017-03-24 06:52:11";s:12:"english_name";s:7:"Marathi";s:11:"native_name";s:15:"मराठी";s:7:"package";s:61:"https://downloads.wordpress.org/translation/core/4.7.4/mr.zip";s:3:"iso";a:2:{i:1;s:2:"mr";i:2;s:3:"mar";}s:7:"strings";a:1:{s:8:"continue";s:25:"सुरु ठेवा";}}s:5:"ms_MY";a:8:{s:8:"language";s:5:"ms_MY";s:7:"version";s:5:"4.7.4";s:7:"updated";s:19:"2017-03-05 09:45:10";s:12:"english_name";s:5:"Malay";s:11:"native_name";s:13:"Bahasa Melayu";s:7:"package";s:64:"https://downloads.wordpress.org/translation/core/4.7.4/ms_MY.zip";s:3:"iso";a:2:{i:1;s:2:"ms";i:2;s:3:"msa";}s:7:"strings";a:1:{s:8:"continue";s:8:"Teruskan";}}s:5:"my_MM";a:8:{s:8:"language";s:5:"my_MM";s:7:"version";s:6:"4.1.17";s:7:"updated";s:19:"2015-03-26 15:57:42";s:12:"english_name";s:17:"Myanmar (Burmese)";s:11:"native_name";s:15:"ဗမာစာ";s:7:"package";s:65:"https://downloads.wordpress.org/translation/core/4.1.17/my_MM.zip";s:3:"iso";a:2:{i:1;s:2:"my";i:2;s:3:"mya";}s:7:"strings";a:1:{s:8:"continue";s:54:"ဆက်လက်လုပ်ဆောင်ပါ။";}}s:5:"nb_NO";a:8:{s:8:"language";s:5:"nb_NO";s:7:"version";s:5:"4.7.4";s:7:"updated";s:19:"2017-01-26 15:42:31";s:12:"english_name";s:19:"Norwegian (Bokmål)";s:11:"native_name";s:13:"Norsk bokmål";s:7:"package";s:64:"https://downloads.wordpress.org/translation/core/4.7.4/nb_NO.zip";s:3:"iso";a:2:{i:1;s:2:"nb";i:2;s:3:"nob";}s:7:"strings";a:1:{s:8:"continue";s:8:"Fortsett";}}s:5:"ne_NP";a:8:{s:8:"language";s:5:"ne_NP";s:7:"version";s:5:"4.7.2";s:7:"updated";s:19:"2017-01-26 15:48:31";s:12:"english_name";s:6:"Nepali";s:11:"native_name";s:18:"नेपाली";s:7:"package";s:64:"https://downloads.wordpress.org/translation/core/4.7.2/ne_NP.zip";s:3:"iso";a:2:{i:1;s:2:"ne";i:2;s:3:"nep";}s:7:"strings";a:1:{s:8:"continue";s:43:"जारी राख्नुहोस्";}}s:5:"nl_NL";a:8:{s:8:"language";s:5:"nl_NL";s:7:"version";s:5:"4.7.4";s:7:"updated";s:19:"2017-04-03 14:07:21";s:12:"english_name";s:5:"Dutch";s:11:"native_name";s:10:"Nederlands";s:7:"package";s:64:"https://downloads.wordpress.org/translation/core/4.7.4/nl_NL.zip";s:3:"iso";a:2:{i:1;s:2:"nl";i:2;s:3:"nld";}s:7:"strings";a:1:{s:8:"continue";s:8:"Doorgaan";}}s:5:"nl_BE";a:8:{s:8:"language";s:5:"nl_BE";s:7:"version";s:5:"4.7.4";s:7:"updated";s:19:"2017-04-22 16:33:56";s:12:"english_name";s:15:"Dutch (Belgium)";s:11:"native_name";s:20:"Nederlands (België)";s:7:"package";s:64:"https://downloads.wordpress.org/translation/core/4.7.4/nl_BE.zip";s:3:"iso";a:2:{i:1;s:2:"nl";i:2;s:3:"nld";}s:7:"strings";a:1:{s:8:"continue";s:8:"Doorgaan";}}s:12:"nl_NL_formal";a:8:{s:8:"language";s:12:"nl_NL_formal";s:7:"version";s:5:"4.7.4";s:7:"updated";s:19:"2017-02-16 13:24:21";s:12:"english_name";s:14:"Dutch (Formal)";s:11:"native_name";s:20:"Nederlands (Formeel)";s:7:"package";s:71:"https://downloads.wordpress.org/translation/core/4.7.4/nl_NL_formal.zip";s:3:"iso";a:2:{i:1;s:2:"nl";i:2;s:3:"nld";}s:7:"strings";a:1:{s:8:"continue";s:8:"Doorgaan";}}s:5:"nn_NO";a:8:{s:8:"language";s:5:"nn_NO";s:7:"version";s:5:"4.7.4";s:7:"updated";s:19:"2017-01-26 15:40:57";s:12:"english_name";s:19:"Norwegian (Nynorsk)";s:11:"native_name";s:13:"Norsk nynorsk";s:7:"package";s:64:"https://downloads.wordpress.org/translation/core/4.7.4/nn_NO.zip";s:3:"iso";a:2:{i:1;s:2:"nn";i:2;s:3:"nno";}s:7:"strings";a:1:{s:8:"continue";s:9:"Hald fram";}}s:3:"oci";a:8:{s:8:"language";s:3:"oci";s:7:"version";s:5:"4.7.2";s:7:"updated";s:19:"2017-01-02 13:47:38";s:12:"english_name";s:7:"Occitan";s:11:"native_name";s:7:"Occitan";s:7:"package";s:62:"https://downloads.wordpress.org/translation/core/4.7.2/oci.zip";s:3:"iso";a:2:{i:1;s:2:"oc";i:2;s:3:"oci";}s:7:"strings";a:1:{s:8:"continue";s:9:"Contunhar";}}s:5:"pa_IN";a:8:{s:8:"language";s:5:"pa_IN";s:7:"version";s:5:"4.7.2";s:7:"updated";s:19:"2017-01-16 05:19:43";s:12:"english_name";s:7:"Punjabi";s:11:"native_name";s:18:"ਪੰਜਾਬੀ";s:7:"package";s:64:"https://downloads.wordpress.org/translation/core/4.7.2/pa_IN.zip";s:3:"iso";a:2:{i:1;s:2:"pa";i:2;s:3:"pan";}s:7:"strings";a:1:{s:8:"continue";s:25:"ਜਾਰੀ ਰੱਖੋ";}}s:5:"pl_PL";a:8:{s:8:"language";s:5:"pl_PL";s:7:"version";s:5:"4.7.4";s:7:"updated";s:19:"2017-04-23 09:31:28";s:12:"english_name";s:6:"Polish";s:11:"native_name";s:6:"Polski";s:7:"package";s:64:"https://downloads.wordpress.org/translation/core/4.7.4/pl_PL.zip";s:3:"iso";a:2:{i:1;s:2:"pl";i:2;s:3:"pol";}s:7:"strings";a:1:{s:8:"continue";s:9:"Kontynuuj";}}s:2:"ps";a:8:{s:8:"language";s:2:"ps";s:7:"version";s:6:"4.1.17";s:7:"updated";s:19:"2015-03-29 22:19:48";s:12:"english_name";s:6:"Pashto";s:11:"native_name";s:8:"پښتو";s:7:"package";s:62:"https://downloads.wordpress.org/translation/core/4.1.17/ps.zip";s:3:"iso";a:2:{i:1;s:2:"ps";i:2;s:3:"pus";}s:7:"strings";a:1:{s:8:"continue";s:19:"دوام ورکړه";}}s:5:"pt_PT";a:8:{s:8:"language";s:5:"pt_PT";s:7:"version";s:5:"4.7.4";s:7:"updated";s:19:"2017-04-07 00:19:52";s:12:"english_name";s:21:"Portuguese (Portugal)";s:11:"native_name";s:10:"Português";s:7:"package";s:64:"https://downloads.wordpress.org/translation/core/4.7.4/pt_PT.zip";s:3:"iso";a:1:{i:1;s:2:"pt";}s:7:"strings";a:1:{s:8:"continue";s:9:"Continuar";}}s:5:"pt_BR";a:8:{s:8:"language";s:5:"pt_BR";s:7:"version";s:5:"4.7.4";s:7:"updated";s:19:"2017-04-17 15:02:48";s:12:"english_name";s:19:"Portuguese (Brazil)";s:11:"native_name";s:20:"Português do Brasil";s:7:"package";s:64:"https://downloads.wordpress.org/translation/core/4.7.4/pt_BR.zip";s:3:"iso";a:2:{i:1;s:2:"pt";i:2;s:3:"por";}s:7:"strings";a:1:{s:8:"continue";s:9:"Continuar";}}s:3:"rhg";a:8:{s:8:"language";s:3:"rhg";s:7:"version";s:5:"4.7.2";s:7:"updated";s:19:"2016-03-16 13:03:18";s:12:"english_name";s:8:"Rohingya";s:11:"native_name";s:8:"Ruáinga";s:7:"package";s:62:"https://downloads.wordpress.org/translation/core/4.7.2/rhg.zip";s:3:"iso";a:1:{i:3;s:3:"rhg";}s:7:"strings";a:1:{s:8:"continue";s:0:"";}}s:5:"ro_RO";a:8:{s:8:"language";s:5:"ro_RO";s:7:"version";s:5:"4.7.4";s:7:"updated";s:19:"2017-04-15 14:53:36";s:12:"english_name";s:8:"Romanian";s:11:"native_name";s:8:"Română";s:7:"package";s:64:"https://downloads.wordpress.org/translation/core/4.7.4/ro_RO.zip";s:3:"iso";a:2:{i:1;s:2:"ro";i:2;s:3:"ron";}s:7:"strings";a:1:{s:8:"continue";s:9:"Continuă";}}s:5:"ru_RU";a:8:{s:8:"language";s:5:"ru_RU";s:7:"version";s:5:"4.7.4";s:7:"updated";s:19:"2017-04-20 10:13:53";s:12:"english_name";s:7:"Russian";s:11:"native_name";s:14:"Русский";s:7:"package";s:64:"https://downloads.wordpress.org/translation/core/4.7.4/ru_RU.zip";s:3:"iso";a:2:{i:1;s:2:"ru";i:2;s:3:"rus";}s:7:"strings";a:1:{s:8:"continue";s:20:"Продолжить";}}s:3:"sah";a:8:{s:8:"language";s:3:"sah";s:7:"version";s:5:"4.7.2";s:7:"updated";s:19:"2017-01-21 02:06:41";s:12:"english_name";s:5:"Sakha";s:11:"native_name";s:14:"Сахалыы";s:7:"package";s:62:"https://downloads.wordpress.org/translation/core/4.7.2/sah.zip";s:3:"iso";a:2:{i:2;s:3:"sah";i:3;s:3:"sah";}s:7:"strings";a:1:{s:8:"continue";s:12:"Салҕаа";}}s:5:"si_LK";a:8:{s:8:"language";s:5:"si_LK";s:7:"version";s:5:"4.7.2";s:7:"updated";s:19:"2016-11-12 06:00:52";s:12:"english_name";s:7:"Sinhala";s:11:"native_name";s:15:"සිංහල";s:7:"package";s:64:"https://downloads.wordpress.org/translation/core/4.7.2/si_LK.zip";s:3:"iso";a:2:{i:1;s:2:"si";i:2;s:3:"sin";}s:7:"strings";a:1:{s:8:"continue";s:44:"දිගටම කරගෙන යන්න";}}s:5:"sk_SK";a:8:{s:8:"language";s:5:"sk_SK";s:7:"version";s:5:"4.7.4";s:7:"updated";s:19:"2017-04-20 11:49:35";s:12:"english_name";s:6:"Slovak";s:11:"native_name";s:11:"Slovenčina";s:7:"package";s:64:"https://downloads.wordpress.org/translation/core/4.7.4/sk_SK.zip";s:3:"iso";a:2:{i:1;s:2:"sk";i:2;s:3:"slk";}s:7:"strings";a:1:{s:8:"continue";s:12:"Pokračovať";}}s:5:"sl_SI";a:8:{s:8:"language";s:5:"sl_SI";s:7:"version";s:5:"4.7.4";s:7:"updated";s:19:"2017-02-08 17:57:45";s:12:"english_name";s:9:"Slovenian";s:11:"native_name";s:13:"Slovenščina";s:7:"package";s:64:"https://downloads.wordpress.org/translation/core/4.7.4/sl_SI.zip";s:3:"iso";a:2:{i:1;s:2:"sl";i:2;s:3:"slv";}s:7:"strings";a:1:{s:8:"continue";s:8:"Nadaljuj";}}s:2:"sq";a:8:{s:8:"language";s:2:"sq";s:7:"version";s:5:"4.7.4";s:7:"updated";s:19:"2017-04-24 08:35:30";s:12:"english_name";s:8:"Albanian";s:11:"native_name";s:5:"Shqip";s:7:"package";s:61:"https://downloads.wordpress.org/translation/core/4.7.4/sq.zip";s:3:"iso";a:2:{i:1;s:2:"sq";i:2;s:3:"sqi";}s:7:"strings";a:1:{s:8:"continue";s:6:"Vazhdo";}}s:5:"sr_RS";a:8:{s:8:"language";s:5:"sr_RS";s:7:"version";s:5:"4.7.4";s:7:"updated";s:19:"2017-01-26 15:41:03";s:12:"english_name";s:7:"Serbian";s:11:"native_name";s:23:"Српски језик";s:7:"package";s:64:"https://downloads.wordpress.org/translation/core/4.7.4/sr_RS.zip";s:3:"iso";a:2:{i:1;s:2:"sr";i:2;s:3:"srp";}s:7:"strings";a:1:{s:8:"continue";s:14:"Настави";}}s:5:"sv_SE";a:8:{s:8:"language";s:5:"sv_SE";s:7:"version";s:5:"4.7.4";s:7:"updated";s:19:"2017-04-03 00:34:10";s:12:"english_name";s:7:"Swedish";s:11:"native_name";s:7:"Svenska";s:7:"package";s:64:"https://downloads.wordpress.org/translation/core/4.7.4/sv_SE.zip";s:3:"iso";a:2:{i:1;s:2:"sv";i:2;s:3:"swe";}s:7:"strings";a:1:{s:8:"continue";s:9:"Fortsätt";}}s:3:"szl";a:8:{s:8:"language";s:3:"szl";s:7:"version";s:5:"4.7.2";s:7:"updated";s:19:"2016-09-24 19:58:14";s:12:"english_name";s:8:"Silesian";s:11:"native_name";s:17:"Ślōnskŏ gŏdka";s:7:"package";s:62:"https://downloads.wordpress.org/translation/core/4.7.2/szl.zip";s:3:"iso";a:1:{i:3;s:3:"szl";}s:7:"strings";a:1:{s:8:"continue";s:13:"Kōntynuować";}}s:5:"ta_IN";a:8:{s:8:"language";s:5:"ta_IN";s:7:"version";s:5:"4.7.2";s:7:"updated";s:19:"2017-01-27 03:22:47";s:12:"english_name";s:5:"Tamil";s:11:"native_name";s:15:"தமிழ்";s:7:"package";s:64:"https://downloads.wordpress.org/translation/core/4.7.2/ta_IN.zip";s:3:"iso";a:2:{i:1;s:2:"ta";i:2;s:3:"tam";}s:7:"strings";a:1:{s:8:"continue";s:24:"தொடரவும்";}}s:2:"te";a:8:{s:8:"language";s:2:"te";s:7:"version";s:5:"4.7.2";s:7:"updated";s:19:"2017-01-26 15:47:39";s:12:"english_name";s:6:"Telugu";s:11:"native_name";s:18:"తెలుగు";s:7:"package";s:61:"https://downloads.wordpress.org/translation/core/4.7.2/te.zip";s:3:"iso";a:2:{i:1;s:2:"te";i:2;s:3:"tel";}s:7:"strings";a:1:{s:8:"continue";s:30:"కొనసాగించు";}}s:2:"th";a:8:{s:8:"language";s:2:"th";s:7:"version";s:5:"4.7.2";s:7:"updated";s:19:"2017-01-26 15:48:43";s:12:"english_name";s:4:"Thai";s:11:"native_name";s:9:"ไทย";s:7:"package";s:61:"https://downloads.wordpress.org/translation/core/4.7.2/th.zip";s:3:"iso";a:2:{i:1;s:2:"th";i:2;s:3:"tha";}s:7:"strings";a:1:{s:8:"continue";s:15:"ต่อไป";}}s:2:"tl";a:8:{s:8:"language";s:2:"tl";s:7:"version";s:5:"4.7.2";s:7:"updated";s:19:"2016-12-30 02:38:08";s:12:"english_name";s:7:"Tagalog";s:11:"native_name";s:7:"Tagalog";s:7:"package";s:61:"https://downloads.wordpress.org/translation/core/4.7.2/tl.zip";s:3:"iso";a:2:{i:1;s:2:"tl";i:2;s:3:"tgl";}s:7:"strings";a:1:{s:8:"continue";s:10:"Magpatuloy";}}s:5:"tr_TR";a:8:{s:8:"language";s:5:"tr_TR";s:7:"version";s:5:"4.7.4";s:7:"updated";s:19:"2017-04-15 09:03:35";s:12:"english_name";s:7:"Turkish";s:11:"native_name";s:8:"Türkçe";s:7:"package";s:64:"https://downloads.wordpress.org/translation/core/4.7.4/tr_TR.zip";s:3:"iso";a:2:{i:1;s:2:"tr";i:2;s:3:"tur";}s:7:"strings";a:1:{s:8:"continue";s:5:"Devam";}}s:5:"tt_RU";a:8:{s:8:"language";s:5:"tt_RU";s:7:"version";s:5:"4.7.2";s:7:"updated";s:19:"2016-11-20 20:20:50";s:12:"english_name";s:5:"Tatar";s:11:"native_name";s:19:"Татар теле";s:7:"package";s:64:"https://downloads.wordpress.org/translation/core/4.7.2/tt_RU.zip";s:3:"iso";a:2:{i:1;s:2:"tt";i:2;s:3:"tat";}s:7:"strings";a:1:{s:8:"continue";s:17:"дәвам итү";}}s:3:"tah";a:8:{s:8:"language";s:3:"tah";s:7:"version";s:5:"4.7.2";s:7:"updated";s:19:"2016-03-06 18:39:39";s:12:"english_name";s:8:"Tahitian";s:11:"native_name";s:10:"Reo Tahiti";s:7:"package";s:62:"https://downloads.wordpress.org/translation/core/4.7.2/tah.zip";s:3:"iso";a:3:{i:1;s:2:"ty";i:2;s:3:"tah";i:3;s:3:"tah";}s:7:"strings";a:1:{s:8:"continue";s:0:"";}}s:5:"ug_CN";a:8:{s:8:"language";s:5:"ug_CN";s:7:"version";s:5:"4.7.2";s:7:"updated";s:19:"2016-12-05 09:23:39";s:12:"english_name";s:6:"Uighur";s:11:"native_name";s:9:"Uyƣurqə";s:7:"package";s:64:"https://downloads.wordpress.org/translation/core/4.7.2/ug_CN.zip";s:3:"iso";a:2:{i:1;s:2:"ug";i:2;s:3:"uig";}s:7:"strings";a:1:{s:8:"continue";s:26:"داۋاملاشتۇرۇش";}}s:2:"uk";a:8:{s:8:"language";s:2:"uk";s:7:"version";s:5:"4.7.4";s:7:"updated";s:19:"2017-03-28 21:21:58";s:12:"english_name";s:9:"Ukrainian";s:11:"native_name";s:20:"Українська";s:7:"package";s:61:"https://downloads.wordpress.org/translation/core/4.7.4/uk.zip";s:3:"iso";a:2:{i:1;s:2:"uk";i:2;s:3:"ukr";}s:7:"strings";a:1:{s:8:"continue";s:20:"Продовжити";}}s:2:"ur";a:8:{s:8:"language";s:2:"ur";s:7:"version";s:5:"4.7.4";s:7:"updated";s:19:"2017-03-27 07:08:07";s:12:"english_name";s:4:"Urdu";s:11:"native_name";s:8:"اردو";s:7:"package";s:61:"https://downloads.wordpress.org/translation/core/4.7.4/ur.zip";s:3:"iso";a:2:{i:1;s:2:"ur";i:2;s:3:"urd";}s:7:"strings";a:1:{s:8:"continue";s:19:"جاری رکھیں";}}s:5:"uz_UZ";a:8:{s:8:"language";s:5:"uz_UZ";s:7:"version";s:5:"4.7.4";s:7:"updated";s:19:"2017-04-04 05:03:16";s:12:"english_name";s:5:"Uzbek";s:11:"native_name";s:11:"O‘zbekcha";s:7:"package";s:64:"https://downloads.wordpress.org/translation/core/4.7.4/uz_UZ.zip";s:3:"iso";a:2:{i:1;s:2:"uz";i:2;s:3:"uzb";}s:7:"strings";a:1:{s:8:"continue";s:11:"Davom etish";}}s:2:"vi";a:8:{s:8:"language";s:2:"vi";s:7:"version";s:5:"4.7.4";s:7:"updated";s:19:"2017-04-10 15:33:37";s:12:"english_name";s:10:"Vietnamese";s:11:"native_name";s:14:"Tiếng Việt";s:7:"package";s:61:"https://downloads.wordpress.org/translation/core/4.7.4/vi.zip";s:3:"iso";a:2:{i:1;s:2:"vi";i:2;s:3:"vie";}s:7:"strings";a:1:{s:8:"continue";s:12:"Tiếp tục";}}s:5:"zh_CN";a:8:{s:8:"language";s:5:"zh_CN";s:7:"version";s:5:"4.7.4";s:7:"updated";s:19:"2017-01-26 15:54:45";s:12:"english_name";s:15:"Chinese (China)";s:11:"native_name";s:12:"简体中文";s:7:"package";s:64:"https://downloads.wordpress.org/translation/core/4.7.4/zh_CN.zip";s:3:"iso";a:2:{i:1;s:2:"zh";i:2;s:3:"zho";}s:7:"strings";a:1:{s:8:"continue";s:6:"继续";}}s:5:"zh_HK";a:8:{s:8:"language";s:5:"zh_HK";s:7:"version";s:5:"4.7.4";s:7:"updated";s:19:"2017-03-28 12:03:30";s:12:"english_name";s:19:"Chinese (Hong Kong)";s:11:"native_name";s:16:"香港中文版	";s:7:"package";s:64:"https://downloads.wordpress.org/translation/core/4.7.4/zh_HK.zip";s:3:"iso";a:2:{i:1;s:2:"zh";i:2;s:3:"zho";}s:7:"strings";a:1:{s:8:"continue";s:6:"繼續";}}s:5:"zh_TW";a:8:{s:8:"language";s:5:"zh_TW";s:7:"version";s:5:"4.7.4";s:7:"updated";s:19:"2017-04-11 04:43:15";s:12:"english_name";s:16:"Chinese (Taiwan)";s:11:"native_name";s:12:"繁體中文";s:7:"package";s:64:"https://downloads.wordpress.org/translation/core/4.7.4/zh_TW.zip";s:3:"iso";a:2:{i:1;s:2:"zh";i:2;s:3:"zho";}s:7:"strings";a:1:{s:8:"continue";s:6:"繼續";}}}', 'no');

-- --------------------------------------------------------

--
-- Table structure for table `shppostmeta`
--

CREATE TABLE IF NOT EXISTS `shppostmeta` (
  `meta_id` bigint(20) unsigned NOT NULL AUTO_INCREMENT,
  `post_id` bigint(20) unsigned NOT NULL DEFAULT '0',
  `meta_key` varchar(255) COLLATE utf8mb4_unicode_520_ci DEFAULT NULL,
  `meta_value` longtext COLLATE utf8mb4_unicode_520_ci,
  PRIMARY KEY (`meta_id`),
  KEY `post_id` (`post_id`),
  KEY `meta_key` (`meta_key`(191))
) ENGINE=InnoDB  DEFAULT CHARSET=utf8mb4 COLLATE=utf8mb4_unicode_520_ci AUTO_INCREMENT=500 ;

--
-- Dumping data for table `shppostmeta`
--

INSERT INTO `shppostmeta` (`meta_id`, `post_id`, `meta_key`, `meta_value`) VALUES
(1, 2, '_wp_page_template', 'default'),
(2, 4, '_edit_last', '1'),
(3, 4, '_edit_lock', '1493776661:1'),
(13, 7, '_menu_item_type', 'taxonomy'),
(14, 7, '_menu_item_menu_item_parent', '0'),
(15, 7, '_menu_item_object_id', '5'),
(16, 7, '_menu_item_object', 'category'),
(17, 7, '_menu_item_target', ''),
(18, 7, '_menu_item_classes', 'a:1:{i:0;s:0:"";}'),
(19, 7, '_menu_item_xfn', ''),
(20, 7, '_menu_item_url', ''),
(22, 8, '_menu_item_type', 'taxonomy'),
(23, 8, '_menu_item_menu_item_parent', '0'),
(24, 8, '_menu_item_object_id', '3'),
(25, 8, '_menu_item_object', 'category'),
(26, 8, '_menu_item_target', ''),
(27, 8, '_menu_item_classes', 'a:1:{i:0;s:0:"";}'),
(28, 8, '_menu_item_xfn', ''),
(29, 8, '_menu_item_url', ''),
(40, 10, '_edit_last', '1'),
(41, 10, '_edit_lock', '1493777901:1'),
(42, 11, '_wp_attached_file', '2017/05/agd.png'),
(43, 11, '_wp_attachment_metadata', 'a:5:{s:5:"width";i:1080;s:6:"height";i:624;s:4:"file";s:15:"2017/05/agd.png";s:5:"sizes";a:4:{s:9:"thumbnail";a:4:{s:4:"file";s:15:"agd-150x150.png";s:5:"width";i:150;s:6:"height";i:150;s:9:"mime-type";s:9:"image/png";}s:6:"medium";a:4:{s:4:"file";s:15:"agd-300x173.png";s:5:"width";i:300;s:6:"height";i:173;s:9:"mime-type";s:9:"image/png";}s:12:"medium_large";a:4:{s:4:"file";s:15:"agd-768x444.png";s:5:"width";i:768;s:6:"height";i:444;s:9:"mime-type";s:9:"image/png";}s:5:"large";a:4:{s:4:"file";s:16:"agd-1024x592.png";s:5:"width";i:1024;s:6:"height";i:592;s:9:"mime-type";s:9:"image/png";}}s:10:"image_meta";a:12:{s:8:"aperture";s:1:"0";s:6:"credit";s:0:"";s:6:"camera";s:0:"";s:7:"caption";s:0:"";s:17:"created_timestamp";s:1:"0";s:9:"copyright";s:0:"";s:12:"focal_length";s:1:"0";s:3:"iso";s:1:"0";s:13:"shutter_speed";s:1:"0";s:5:"title";s:0:"";s:11:"orientation";s:1:"0";s:8:"keywords";a:0:{}}}'),
(44, 12, '_wp_attached_file', '2017/05/agd1.png'),
(45, 12, '_wp_attachment_metadata', 'a:5:{s:5:"width";i:1080;s:6:"height";i:622;s:4:"file";s:16:"2017/05/agd1.png";s:5:"sizes";a:4:{s:9:"thumbnail";a:4:{s:4:"file";s:16:"agd1-150x150.png";s:5:"width";i:150;s:6:"height";i:150;s:9:"mime-type";s:9:"image/png";}s:6:"medium";a:4:{s:4:"file";s:16:"agd1-300x173.png";s:5:"width";i:300;s:6:"height";i:173;s:9:"mime-type";s:9:"image/png";}s:12:"medium_large";a:4:{s:4:"file";s:16:"agd1-768x442.png";s:5:"width";i:768;s:6:"height";i:442;s:9:"mime-type";s:9:"image/png";}s:5:"large";a:4:{s:4:"file";s:17:"agd1-1024x590.png";s:5:"width";i:1024;s:6:"height";i:590;s:9:"mime-type";s:9:"image/png";}}s:10:"image_meta";a:12:{s:8:"aperture";s:1:"0";s:6:"credit";s:0:"";s:6:"camera";s:0:"";s:7:"caption";s:0:"";s:17:"created_timestamp";s:1:"0";s:9:"copyright";s:0:"";s:12:"focal_length";s:1:"0";s:3:"iso";s:1:"0";s:13:"shutter_speed";s:1:"0";s:5:"title";s:0:"";s:11:"orientation";s:1:"0";s:8:"keywords";a:0:{}}}'),
(46, 13, '_wp_attached_file', '2017/05/agd2.png'),
(47, 13, '_wp_attachment_metadata', 'a:5:{s:5:"width";i:1080;s:6:"height";i:622;s:4:"file";s:16:"2017/05/agd2.png";s:5:"sizes";a:4:{s:9:"thumbnail";a:4:{s:4:"file";s:16:"agd2-150x150.png";s:5:"width";i:150;s:6:"height";i:150;s:9:"mime-type";s:9:"image/png";}s:6:"medium";a:4:{s:4:"file";s:16:"agd2-300x173.png";s:5:"width";i:300;s:6:"height";i:173;s:9:"mime-type";s:9:"image/png";}s:12:"medium_large";a:4:{s:4:"file";s:16:"agd2-768x442.png";s:5:"width";i:768;s:6:"height";i:442;s:9:"mime-type";s:9:"image/png";}s:5:"large";a:4:{s:4:"file";s:17:"agd2-1024x590.png";s:5:"width";i:1024;s:6:"height";i:590;s:9:"mime-type";s:9:"image/png";}}s:10:"image_meta";a:12:{s:8:"aperture";s:1:"0";s:6:"credit";s:0:"";s:6:"camera";s:0:"";s:7:"caption";s:0:"";s:17:"created_timestamp";s:1:"0";s:9:"copyright";s:0:"";s:12:"focal_length";s:1:"0";s:3:"iso";s:1:"0";s:13:"shutter_speed";s:1:"0";s:5:"title";s:0:"";s:11:"orientation";s:1:"0";s:8:"keywords";a:0:{}}}'),
(48, 14, '_wp_attached_file', '2017/05/apple.png'),
(49, 14, '_wp_attachment_metadata', 'a:5:{s:5:"width";i:289;s:6:"height";i:100;s:4:"file";s:17:"2017/05/apple.png";s:5:"sizes";a:1:{s:9:"thumbnail";a:4:{s:4:"file";s:17:"apple-150x100.png";s:5:"width";i:150;s:6:"height";i:100;s:9:"mime-type";s:9:"image/png";}}s:10:"image_meta";a:12:{s:8:"aperture";s:1:"0";s:6:"credit";s:0:"";s:6:"camera";s:0:"";s:7:"caption";s:0:"";s:17:"created_timestamp";s:1:"0";s:9:"copyright";s:0:"";s:12:"focal_length";s:1:"0";s:3:"iso";s:1:"0";s:13:"shutter_speed";s:1:"0";s:5:"title";s:0:"";s:11:"orientation";s:1:"0";s:8:"keywords";a:0:{}}}'),
(50, 15, '_wp_attached_file', '2017/05/googplay.png'),
(51, 15, '_wp_attachment_metadata', 'a:5:{s:5:"width";i:293;s:6:"height";i:100;s:4:"file";s:20:"2017/05/googplay.png";s:5:"sizes";a:1:{s:9:"thumbnail";a:4:{s:4:"file";s:20:"googplay-150x100.png";s:5:"width";i:150;s:6:"height";i:100;s:9:"mime-type";s:9:"image/png";}}s:10:"image_meta";a:12:{s:8:"aperture";s:1:"0";s:6:"credit";s:0:"";s:6:"camera";s:0:"";s:7:"caption";s:0:"";s:17:"created_timestamp";s:1:"0";s:9:"copyright";s:0:"";s:12:"focal_length";s:1:"0";s:3:"iso";s:1:"0";s:13:"shutter_speed";s:1:"0";s:5:"title";s:0:"";s:11:"orientation";s:1:"0";s:8:"keywords";a:0:{}}}'),
(52, 16, '_wp_attached_file', '2017/05/grap.png'),
(53, 16, '_wp_attachment_metadata', 'a:5:{s:5:"width";i:543;s:6:"height";i:224;s:4:"file";s:16:"2017/05/grap.png";s:5:"sizes";a:2:{s:9:"thumbnail";a:4:{s:4:"file";s:16:"grap-150x150.png";s:5:"width";i:150;s:6:"height";i:150;s:9:"mime-type";s:9:"image/png";}s:6:"medium";a:4:{s:4:"file";s:16:"grap-300x124.png";s:5:"width";i:300;s:6:"height";i:124;s:9:"mime-type";s:9:"image/png";}}s:10:"image_meta";a:12:{s:8:"aperture";s:1:"0";s:6:"credit";s:0:"";s:6:"camera";s:0:"";s:7:"caption";s:0:"";s:17:"created_timestamp";s:1:"0";s:9:"copyright";s:0:"";s:12:"focal_length";s:1:"0";s:3:"iso";s:1:"0";s:13:"shutter_speed";s:1:"0";s:5:"title";s:0:"";s:11:"orientation";s:1:"0";s:8:"keywords";a:0:{}}}'),
(54, 17, '_wp_attached_file', '2017/05/grap1.png'),
(55, 17, '_wp_attachment_metadata', 'a:5:{s:5:"width";i:276;s:6:"height";i:223;s:4:"file";s:17:"2017/05/grap1.png";s:5:"sizes";a:1:{s:9:"thumbnail";a:4:{s:4:"file";s:17:"grap1-150x150.png";s:5:"width";i:150;s:6:"height";i:150;s:9:"mime-type";s:9:"image/png";}}s:10:"image_meta";a:12:{s:8:"aperture";s:1:"0";s:6:"credit";s:0:"";s:6:"camera";s:0:"";s:7:"caption";s:0:"";s:17:"created_timestamp";s:1:"0";s:9:"copyright";s:0:"";s:12:"focal_length";s:1:"0";s:3:"iso";s:1:"0";s:13:"shutter_speed";s:1:"0";s:5:"title";s:0:"";s:11:"orientation";s:1:"0";s:8:"keywords";a:0:{}}}'),
(56, 18, '_wp_attached_file', '2017/05/grap2.png'),
(57, 18, '_wp_attachment_metadata', 'a:5:{s:5:"width";i:243;s:6:"height";i:136;s:4:"file";s:17:"2017/05/grap2.png";s:5:"sizes";a:1:{s:9:"thumbnail";a:4:{s:4:"file";s:17:"grap2-150x136.png";s:5:"width";i:150;s:6:"height";i:136;s:9:"mime-type";s:9:"image/png";}}s:10:"image_meta";a:12:{s:8:"aperture";s:1:"0";s:6:"credit";s:0:"";s:6:"camera";s:0:"";s:7:"caption";s:0:"";s:17:"created_timestamp";s:1:"0";s:9:"copyright";s:0:"";s:12:"focal_length";s:1:"0";s:3:"iso";s:1:"0";s:13:"shutter_speed";s:1:"0";s:5:"title";s:0:"";s:11:"orientation";s:1:"0";s:8:"keywords";a:0:{}}}'),
(58, 19, '_wp_attached_file', '2017/05/grap3.png'),
(59, 19, '_wp_attachment_metadata', 'a:5:{s:5:"width";i:183;s:6:"height";i:134;s:4:"file";s:17:"2017/05/grap3.png";s:5:"sizes";a:1:{s:9:"thumbnail";a:4:{s:4:"file";s:17:"grap3-150x134.png";s:5:"width";i:150;s:6:"height";i:134;s:9:"mime-type";s:9:"image/png";}}s:10:"image_meta";a:12:{s:8:"aperture";s:1:"0";s:6:"credit";s:0:"";s:6:"camera";s:0:"";s:7:"caption";s:0:"";s:17:"created_timestamp";s:1:"0";s:9:"copyright";s:0:"";s:12:"focal_length";s:1:"0";s:3:"iso";s:1:"0";s:13:"shutter_speed";s:1:"0";s:5:"title";s:0:"";s:11:"orientation";s:1:"0";s:8:"keywords";a:0:{}}}'),
(60, 20, '_wp_attached_file', '2017/05/grap4.png'),
(61, 20, '_wp_attachment_metadata', 'a:5:{s:5:"width";i:184;s:6:"height";i:135;s:4:"file";s:17:"2017/05/grap4.png";s:5:"sizes";a:1:{s:9:"thumbnail";a:4:{s:4:"file";s:17:"grap4-150x135.png";s:5:"width";i:150;s:6:"height";i:135;s:9:"mime-type";s:9:"image/png";}}s:10:"image_meta";a:12:{s:8:"aperture";s:1:"0";s:6:"credit";s:0:"";s:6:"camera";s:0:"";s:7:"caption";s:0:"";s:17:"created_timestamp";s:1:"0";s:9:"copyright";s:0:"";s:12:"focal_length";s:1:"0";s:3:"iso";s:1:"0";s:13:"shutter_speed";s:1:"0";s:5:"title";s:0:"";s:11:"orientation";s:1:"0";s:8:"keywords";a:0:{}}}'),
(62, 21, '_wp_attached_file', '2017/05/grap5.png'),
(63, 21, '_wp_attachment_metadata', 'a:5:{s:5:"width";i:183;s:6:"height";i:135;s:4:"file";s:17:"2017/05/grap5.png";s:5:"sizes";a:1:{s:9:"thumbnail";a:4:{s:4:"file";s:17:"grap5-150x135.png";s:5:"width";i:150;s:6:"height";i:135;s:9:"mime-type";s:9:"image/png";}}s:10:"image_meta";a:12:{s:8:"aperture";s:1:"0";s:6:"credit";s:0:"";s:6:"camera";s:0:"";s:7:"caption";s:0:"";s:17:"created_timestamp";s:1:"0";s:9:"copyright";s:0:"";s:12:"focal_length";s:1:"0";s:3:"iso";s:1:"0";s:13:"shutter_speed";s:1:"0";s:5:"title";s:0:"";s:11:"orientation";s:1:"0";s:8:"keywords";a:0:{}}}'),
(64, 22, '_wp_attached_file', '2017/05/icon.png'),
(65, 22, '_wp_attachment_metadata', 'a:5:{s:5:"width";i:16;s:6:"height";i:15;s:4:"file";s:16:"2017/05/icon.png";s:5:"sizes";a:0:{}s:10:"image_meta";a:12:{s:8:"aperture";s:1:"0";s:6:"credit";s:0:"";s:6:"camera";s:0:"";s:7:"caption";s:0:"";s:17:"created_timestamp";s:1:"0";s:9:"copyright";s:0:"";s:12:"focal_length";s:1:"0";s:3:"iso";s:1:"0";s:13:"shutter_speed";s:1:"0";s:5:"title";s:0:"";s:11:"orientation";s:1:"0";s:8:"keywords";a:0:{}}}'),
(66, 23, '_wp_attached_file', '2017/05/icon1.png'),
(67, 23, '_wp_attachment_metadata', 'a:5:{s:5:"width";i:52;s:6:"height";i:50;s:4:"file";s:17:"2017/05/icon1.png";s:5:"sizes";a:0:{}s:10:"image_meta";a:12:{s:8:"aperture";s:1:"0";s:6:"credit";s:0:"";s:6:"camera";s:0:"";s:7:"caption";s:0:"";s:17:"created_timestamp";s:1:"0";s:9:"copyright";s:0:"";s:12:"focal_length";s:1:"0";s:3:"iso";s:1:"0";s:13:"shutter_speed";s:1:"0";s:5:"title";s:0:"";s:11:"orientation";s:1:"0";s:8:"keywords";a:0:{}}}'),
(68, 24, '_wp_attached_file', '2017/05/icon2.png'),
(69, 24, '_wp_attachment_metadata', 'a:5:{s:5:"width";i:113;s:6:"height";i:113;s:4:"file";s:17:"2017/05/icon2.png";s:5:"sizes";a:0:{}s:10:"image_meta";a:12:{s:8:"aperture";s:1:"0";s:6:"credit";s:0:"";s:6:"camera";s:0:"";s:7:"caption";s:0:"";s:17:"created_timestamp";s:1:"0";s:9:"copyright";s:0:"";s:12:"focal_length";s:1:"0";s:3:"iso";s:1:"0";s:13:"shutter_speed";s:1:"0";s:5:"title";s:0:"";s:11:"orientation";s:1:"0";s:8:"keywords";a:0:{}}}'),
(70, 25, '_wp_attached_file', '2017/05/icon3.png'),
(71, 25, '_wp_attachment_metadata', 'a:5:{s:5:"width";i:112;s:6:"height";i:115;s:4:"file";s:17:"2017/05/icon3.png";s:5:"sizes";a:0:{}s:10:"image_meta";a:12:{s:8:"aperture";s:1:"0";s:6:"credit";s:0:"";s:6:"camera";s:0:"";s:7:"caption";s:0:"";s:17:"created_timestamp";s:1:"0";s:9:"copyright";s:0:"";s:12:"focal_length";s:1:"0";s:3:"iso";s:1:"0";s:13:"shutter_speed";s:1:"0";s:5:"title";s:0:"";s:11:"orientation";s:1:"0";s:8:"keywords";a:0:{}}}'),
(72, 26, '_wp_attached_file', '2017/05/icon4.png'),
(73, 26, '_wp_attachment_metadata', 'a:5:{s:5:"width";i:114;s:6:"height";i:113;s:4:"file";s:17:"2017/05/icon4.png";s:5:"sizes";a:0:{}s:10:"image_meta";a:12:{s:8:"aperture";s:1:"0";s:6:"credit";s:0:"";s:6:"camera";s:0:"";s:7:"caption";s:0:"";s:17:"created_timestamp";s:1:"0";s:9:"copyright";s:0:"";s:12:"focal_length";s:1:"0";s:3:"iso";s:1:"0";s:13:"shutter_speed";s:1:"0";s:5:"title";s:0:"";s:11:"orientation";s:1:"0";s:8:"keywords";a:0:{}}}'),
(74, 27, '_wp_attached_file', '2017/05/icon5.png'),
(75, 27, '_wp_attachment_metadata', 'a:5:{s:5:"width";i:43;s:6:"height";i:42;s:4:"file";s:17:"2017/05/icon5.png";s:5:"sizes";a:0:{}s:10:"image_meta";a:12:{s:8:"aperture";s:1:"0";s:6:"credit";s:0:"";s:6:"camera";s:0:"";s:7:"caption";s:0:"";s:17:"created_timestamp";s:1:"0";s:9:"copyright";s:0:"";s:12:"focal_length";s:1:"0";s:3:"iso";s:1:"0";s:13:"shutter_speed";s:1:"0";s:5:"title";s:0:"";s:11:"orientation";s:1:"0";s:8:"keywords";a:0:{}}}'),
(76, 28, '_wp_attached_file', '2017/05/icon6.png'),
(77, 28, '_wp_attachment_metadata', 'a:5:{s:5:"width";i:44;s:6:"height";i:43;s:4:"file";s:17:"2017/05/icon6.png";s:5:"sizes";a:0:{}s:10:"image_meta";a:12:{s:8:"aperture";s:1:"0";s:6:"credit";s:0:"";s:6:"camera";s:0:"";s:7:"caption";s:0:"";s:17:"created_timestamp";s:1:"0";s:9:"copyright";s:0:"";s:12:"focal_length";s:1:"0";s:3:"iso";s:1:"0";s:13:"shutter_speed";s:1:"0";s:5:"title";s:0:"";s:11:"orientation";s:1:"0";s:8:"keywords";a:0:{}}}'),
(78, 29, '_wp_attached_file', '2017/05/icon7.png'),
(79, 29, '_wp_attachment_metadata', 'a:5:{s:5:"width";i:44;s:6:"height";i:43;s:4:"file";s:17:"2017/05/icon7.png";s:5:"sizes";a:0:{}s:10:"image_meta";a:12:{s:8:"aperture";s:1:"0";s:6:"credit";s:0:"";s:6:"camera";s:0:"";s:7:"caption";s:0:"";s:17:"created_timestamp";s:1:"0";s:9:"copyright";s:0:"";s:12:"focal_length";s:1:"0";s:3:"iso";s:1:"0";s:13:"shutter_speed";s:1:"0";s:5:"title";s:0:"";s:11:"orientation";s:1:"0";s:8:"keywords";a:0:{}}}'),
(80, 30, '_wp_attached_file', '2017/05/icon8.png'),
(81, 30, '_wp_attachment_metadata', 'a:5:{s:5:"width";i:25;s:6:"height";i:23;s:4:"file";s:17:"2017/05/icon8.png";s:5:"sizes";a:0:{}s:10:"image_meta";a:12:{s:8:"aperture";s:1:"0";s:6:"credit";s:0:"";s:6:"camera";s:0:"";s:7:"caption";s:0:"";s:17:"created_timestamp";s:1:"0";s:9:"copyright";s:0:"";s:12:"focal_length";s:1:"0";s:3:"iso";s:1:"0";s:13:"shutter_speed";s:1:"0";s:5:"title";s:0:"";s:11:"orientation";s:1:"0";s:8:"keywords";a:0:{}}}'),
(82, 31, '_wp_attached_file', '2017/05/icon9.png'),
(83, 31, '_wp_attachment_metadata', 'a:5:{s:5:"width";i:157;s:6:"height";i:286;s:4:"file";s:17:"2017/05/icon9.png";s:5:"sizes";a:1:{s:9:"thumbnail";a:4:{s:4:"file";s:17:"icon9-150x150.png";s:5:"width";i:150;s:6:"height";i:150;s:9:"mime-type";s:9:"image/png";}}s:10:"image_meta";a:12:{s:8:"aperture";s:1:"0";s:6:"credit";s:0:"";s:6:"camera";s:0:"";s:7:"caption";s:0:"";s:17:"created_timestamp";s:1:"0";s:9:"copyright";s:0:"";s:12:"focal_length";s:1:"0";s:3:"iso";s:1:"0";s:13:"shutter_speed";s:1:"0";s:5:"title";s:0:"";s:11:"orientation";s:1:"0";s:8:"keywords";a:0:{}}}'),
(84, 32, '_wp_attached_file', '2017/05/kh.png'),
(85, 32, '_wp_attachment_metadata', 'a:5:{s:5:"width";i:1080;s:6:"height";i:91;s:4:"file";s:14:"2017/05/kh.png";s:5:"sizes";a:4:{s:9:"thumbnail";a:4:{s:4:"file";s:13:"kh-150x91.png";s:5:"width";i:150;s:6:"height";i:91;s:9:"mime-type";s:9:"image/png";}s:6:"medium";a:4:{s:4:"file";s:13:"kh-300x25.png";s:5:"width";i:300;s:6:"height";i:25;s:9:"mime-type";s:9:"image/png";}s:12:"medium_large";a:4:{s:4:"file";s:13:"kh-768x65.png";s:5:"width";i:768;s:6:"height";i:65;s:9:"mime-type";s:9:"image/png";}s:5:"large";a:4:{s:4:"file";s:14:"kh-1024x86.png";s:5:"width";i:1024;s:6:"height";i:86;s:9:"mime-type";s:9:"image/png";}}s:10:"image_meta";a:12:{s:8:"aperture";s:1:"0";s:6:"credit";s:0:"";s:6:"camera";s:0:"";s:7:"caption";s:0:"";s:17:"created_timestamp";s:1:"0";s:9:"copyright";s:0:"";s:12:"focal_length";s:1:"0";s:3:"iso";s:1:"0";s:13:"shutter_speed";s:1:"0";s:5:"title";s:0:"";s:11:"orientation";s:1:"0";s:8:"keywords";a:0:{}}}'),
(86, 33, '_wp_attached_file', '2017/05/kh1.png'),
(87, 33, '_wp_attachment_metadata', 'a:5:{s:5:"width";i:1080;s:6:"height";i:170;s:4:"file";s:15:"2017/05/kh1.png";s:5:"sizes";a:4:{s:9:"thumbnail";a:4:{s:4:"file";s:15:"kh1-150x150.png";s:5:"width";i:150;s:6:"height";i:150;s:9:"mime-type";s:9:"image/png";}s:6:"medium";a:4:{s:4:"file";s:14:"kh1-300x47.png";s:5:"width";i:300;s:6:"height";i:47;s:9:"mime-type";s:9:"image/png";}s:12:"medium_large";a:4:{s:4:"file";s:15:"kh1-768x121.png";s:5:"width";i:768;s:6:"height";i:121;s:9:"mime-type";s:9:"image/png";}s:5:"large";a:4:{s:4:"file";s:16:"kh1-1024x161.png";s:5:"width";i:1024;s:6:"height";i:161;s:9:"mime-type";s:9:"image/png";}}s:10:"image_meta";a:12:{s:8:"aperture";s:1:"0";s:6:"credit";s:0:"";s:6:"camera";s:0:"";s:7:"caption";s:0:"";s:17:"created_timestamp";s:1:"0";s:9:"copyright";s:0:"";s:12:"focal_length";s:1:"0";s:3:"iso";s:1:"0";s:13:"shutter_speed";s:1:"0";s:5:"title";s:0:"";s:11:"orientation";s:1:"0";s:8:"keywords";a:0:{}}}'),
(88, 34, '_wp_attached_file', '2017/05/kh2.png'),
(89, 34, '_wp_attachment_metadata', 'a:5:{s:5:"width";i:1080;s:6:"height";i:503;s:4:"file";s:15:"2017/05/kh2.png";s:5:"sizes";a:4:{s:9:"thumbnail";a:4:{s:4:"file";s:15:"kh2-150x150.png";s:5:"width";i:150;s:6:"height";i:150;s:9:"mime-type";s:9:"image/png";}s:6:"medium";a:4:{s:4:"file";s:15:"kh2-300x140.png";s:5:"width";i:300;s:6:"height";i:140;s:9:"mime-type";s:9:"image/png";}s:12:"medium_large";a:4:{s:4:"file";s:15:"kh2-768x358.png";s:5:"width";i:768;s:6:"height";i:358;s:9:"mime-type";s:9:"image/png";}s:5:"large";a:4:{s:4:"file";s:16:"kh2-1024x477.png";s:5:"width";i:1024;s:6:"height";i:477;s:9:"mime-type";s:9:"image/png";}}s:10:"image_meta";a:12:{s:8:"aperture";s:1:"0";s:6:"credit";s:0:"";s:6:"camera";s:0:"";s:7:"caption";s:0:"";s:17:"created_timestamp";s:1:"0";s:9:"copyright";s:0:"";s:12:"focal_length";s:1:"0";s:3:"iso";s:1:"0";s:13:"shutter_speed";s:1:"0";s:5:"title";s:0:"";s:11:"orientation";s:1:"0";s:8:"keywords";a:0:{}}}'),
(90, 35, '_wp_attached_file', '2017/05/kh3.png'),
(91, 35, '_wp_attachment_metadata', 'a:5:{s:5:"width";i:1080;s:6:"height";i:135;s:4:"file";s:15:"2017/05/kh3.png";s:5:"sizes";a:4:{s:9:"thumbnail";a:4:{s:4:"file";s:15:"kh3-150x135.png";s:5:"width";i:150;s:6:"height";i:135;s:9:"mime-type";s:9:"image/png";}s:6:"medium";a:4:{s:4:"file";s:14:"kh3-300x38.png";s:5:"width";i:300;s:6:"height";i:38;s:9:"mime-type";s:9:"image/png";}s:12:"medium_large";a:4:{s:4:"file";s:14:"kh3-768x96.png";s:5:"width";i:768;s:6:"height";i:96;s:9:"mime-type";s:9:"image/png";}s:5:"large";a:4:{s:4:"file";s:16:"kh3-1024x128.png";s:5:"width";i:1024;s:6:"height";i:128;s:9:"mime-type";s:9:"image/png";}}s:10:"image_meta";a:12:{s:8:"aperture";s:1:"0";s:6:"credit";s:0:"";s:6:"camera";s:0:"";s:7:"caption";s:0:"";s:17:"created_timestamp";s:1:"0";s:9:"copyright";s:0:"";s:12:"focal_length";s:1:"0";s:3:"iso";s:1:"0";s:13:"shutter_speed";s:1:"0";s:5:"title";s:0:"";s:11:"orientation";s:1:"0";s:8:"keywords";a:0:{}}}'),
(92, 36, '_wp_attached_file', '2017/05/kh21.png'),
(93, 36, '_wp_attachment_metadata', 'a:5:{s:5:"width";i:1057;s:6:"height";i:365;s:4:"file";s:16:"2017/05/kh21.png";s:5:"sizes";a:4:{s:9:"thumbnail";a:4:{s:4:"file";s:16:"kh21-150x150.png";s:5:"width";i:150;s:6:"height";i:150;s:9:"mime-type";s:9:"image/png";}s:6:"medium";a:4:{s:4:"file";s:16:"kh21-300x104.png";s:5:"width";i:300;s:6:"height";i:104;s:9:"mime-type";s:9:"image/png";}s:12:"medium_large";a:4:{s:4:"file";s:16:"kh21-768x265.png";s:5:"width";i:768;s:6:"height";i:265;s:9:"mime-type";s:9:"image/png";}s:5:"large";a:4:{s:4:"file";s:17:"kh21-1024x354.png";s:5:"width";i:1024;s:6:"height";i:354;s:9:"mime-type";s:9:"image/png";}}s:10:"image_meta";a:12:{s:8:"aperture";s:1:"0";s:6:"credit";s:0:"";s:6:"camera";s:0:"";s:7:"caption";s:0:"";s:17:"created_timestamp";s:1:"0";s:9:"copyright";s:0:"";s:12:"focal_length";s:1:"0";s:3:"iso";s:1:"0";s:13:"shutter_speed";s:1:"0";s:5:"title";s:0:"";s:11:"orientation";s:1:"0";s:8:"keywords";a:0:{}}}'),
(94, 37, '_wp_attached_file', '2017/05/kh22.png'),
(95, 37, '_wp_attachment_metadata', 'a:5:{s:5:"width";i:1080;s:6:"height";i:289;s:4:"file";s:16:"2017/05/kh22.png";s:5:"sizes";a:4:{s:9:"thumbnail";a:4:{s:4:"file";s:16:"kh22-150x150.png";s:5:"width";i:150;s:6:"height";i:150;s:9:"mime-type";s:9:"image/png";}s:6:"medium";a:4:{s:4:"file";s:15:"kh22-300x80.png";s:5:"width";i:300;s:6:"height";i:80;s:9:"mime-type";s:9:"image/png";}s:12:"medium_large";a:4:{s:4:"file";s:16:"kh22-768x206.png";s:5:"width";i:768;s:6:"height";i:206;s:9:"mime-type";s:9:"image/png";}s:5:"large";a:4:{s:4:"file";s:17:"kh22-1024x274.png";s:5:"width";i:1024;s:6:"height";i:274;s:9:"mime-type";s:9:"image/png";}}s:10:"image_meta";a:12:{s:8:"aperture";s:1:"0";s:6:"credit";s:0:"";s:6:"camera";s:0:"";s:7:"caption";s:0:"";s:17:"created_timestamp";s:1:"0";s:9:"copyright";s:0:"";s:12:"focal_length";s:1:"0";s:3:"iso";s:1:"0";s:13:"shutter_speed";s:1:"0";s:5:"title";s:0:"";s:11:"orientation";s:1:"0";s:8:"keywords";a:0:{}}}'),
(96, 38, '_wp_attached_file', '2017/05/kh23.png'),
(97, 38, '_wp_attachment_metadata', 'a:5:{s:5:"width";i:1080;s:6:"height";i:727;s:4:"file";s:16:"2017/05/kh23.png";s:5:"sizes";a:4:{s:9:"thumbnail";a:4:{s:4:"file";s:16:"kh23-150x150.png";s:5:"width";i:150;s:6:"height";i:150;s:9:"mime-type";s:9:"image/png";}s:6:"medium";a:4:{s:4:"file";s:16:"kh23-300x202.png";s:5:"width";i:300;s:6:"height";i:202;s:9:"mime-type";s:9:"image/png";}s:12:"medium_large";a:4:{s:4:"file";s:16:"kh23-768x517.png";s:5:"width";i:768;s:6:"height";i:517;s:9:"mime-type";s:9:"image/png";}s:5:"large";a:4:{s:4:"file";s:17:"kh23-1024x689.png";s:5:"width";i:1024;s:6:"height";i:689;s:9:"mime-type";s:9:"image/png";}}s:10:"image_meta";a:12:{s:8:"aperture";s:1:"0";s:6:"credit";s:0:"";s:6:"camera";s:0:"";s:7:"caption";s:0:"";s:17:"created_timestamp";s:1:"0";s:9:"copyright";s:0:"";s:12:"focal_length";s:1:"0";s:3:"iso";s:1:"0";s:13:"shutter_speed";s:1:"0";s:5:"title";s:0:"";s:11:"orientation";s:1:"0";s:8:"keywords";a:0:{}}}'),
(98, 39, '_wp_attached_file', '2017/05/lg.png'),
(99, 39, '_wp_attachment_metadata', 'a:5:{s:5:"width";i:160;s:6:"height";i:16;s:4:"file";s:14:"2017/05/lg.png";s:5:"sizes";a:1:{s:9:"thumbnail";a:4:{s:4:"file";s:13:"lg-150x16.png";s:5:"width";i:150;s:6:"height";i:16;s:9:"mime-type";s:9:"image/png";}}s:10:"image_meta";a:12:{s:8:"aperture";s:1:"0";s:6:"credit";s:0:"";s:6:"camera";s:0:"";s:7:"caption";s:0:"";s:17:"created_timestamp";s:1:"0";s:9:"copyright";s:0:"";s:12:"focal_length";s:1:"0";s:3:"iso";s:1:"0";s:13:"shutter_speed";s:1:"0";s:5:"title";s:0:"";s:11:"orientation";s:1:"0";s:8:"keywords";a:0:{}}}'),
(100, 40, '_wp_attached_file', '2017/05/logo.png'),
(101, 40, '_wp_attachment_metadata', 'a:5:{s:5:"width";i:121;s:6:"height";i:121;s:4:"file";s:16:"2017/05/logo.png";s:5:"sizes";a:0:{}s:10:"image_meta";a:12:{s:8:"aperture";s:1:"0";s:6:"credit";s:0:"";s:6:"camera";s:0:"";s:7:"caption";s:0:"";s:17:"created_timestamp";s:1:"0";s:9:"copyright";s:0:"";s:12:"focal_length";s:1:"0";s:3:"iso";s:1:"0";s:13:"shutter_speed";s:1:"0";s:5:"title";s:0:"";s:11:"orientation";s:1:"0";s:8:"keywords";a:0:{}}}'),
(102, 41, '_wp_attached_file', '2017/05/mv.png'),
(103, 41, '_wp_attachment_metadata', 'a:5:{s:5:"width";i:290;s:6:"height";i:290;s:4:"file";s:14:"2017/05/mv.png";s:5:"sizes";a:1:{s:9:"thumbnail";a:4:{s:4:"file";s:14:"mv-150x150.png";s:5:"width";i:150;s:6:"height";i:150;s:9:"mime-type";s:9:"image/png";}}s:10:"image_meta";a:12:{s:8:"aperture";s:1:"0";s:6:"credit";s:0:"";s:6:"camera";s:0:"";s:7:"caption";s:0:"";s:17:"created_timestamp";s:1:"0";s:9:"copyright";s:0:"";s:12:"focal_length";s:1:"0";s:3:"iso";s:1:"0";s:13:"shutter_speed";s:1:"0";s:5:"title";s:0:"";s:11:"orientation";s:1:"0";s:8:"keywords";a:0:{}}}'),
(104, 42, '_wp_attached_file', '2017/05/nen1.png'),
(105, 42, '_wp_attachment_metadata', 'a:5:{s:5:"width";i:1080;s:6:"height";i:1055;s:4:"file";s:16:"2017/05/nen1.png";s:5:"sizes";a:4:{s:9:"thumbnail";a:4:{s:4:"file";s:16:"nen1-150x150.png";s:5:"width";i:150;s:6:"height";i:150;s:9:"mime-type";s:9:"image/png";}s:6:"medium";a:4:{s:4:"file";s:16:"nen1-300x293.png";s:5:"width";i:300;s:6:"height";i:293;s:9:"mime-type";s:9:"image/png";}s:12:"medium_large";a:4:{s:4:"file";s:16:"nen1-768x750.png";s:5:"width";i:768;s:6:"height";i:750;s:9:"mime-type";s:9:"image/png";}s:5:"large";a:4:{s:4:"file";s:18:"nen1-1024x1000.png";s:5:"width";i:1024;s:6:"height";i:1000;s:9:"mime-type";s:9:"image/png";}}s:10:"image_meta";a:12:{s:8:"aperture";s:1:"0";s:6:"credit";s:0:"";s:6:"camera";s:0:"";s:7:"caption";s:0:"";s:17:"created_timestamp";s:1:"0";s:9:"copyright";s:0:"";s:12:"focal_length";s:1:"0";s:3:"iso";s:1:"0";s:13:"shutter_speed";s:1:"0";s:5:"title";s:0:"";s:11:"orientation";s:1:"0";s:8:"keywords";a:0:{}}}'),
(106, 43, '_wp_attached_file', '2017/05/nen2.png'),
(107, 43, '_wp_attachment_metadata', 'a:5:{s:5:"width";i:1080;s:6:"height";i:1095;s:4:"file";s:16:"2017/05/nen2.png";s:5:"sizes";a:4:{s:9:"thumbnail";a:4:{s:4:"file";s:16:"nen2-150x150.png";s:5:"width";i:150;s:6:"height";i:150;s:9:"mime-type";s:9:"image/png";}s:6:"medium";a:4:{s:4:"file";s:16:"nen2-296x300.png";s:5:"width";i:296;s:6:"height";i:300;s:9:"mime-type";s:9:"image/png";}s:12:"medium_large";a:4:{s:4:"file";s:16:"nen2-768x779.png";s:5:"width";i:768;s:6:"height";i:779;s:9:"mime-type";s:9:"image/png";}s:5:"large";a:4:{s:4:"file";s:18:"nen2-1010x1024.png";s:5:"width";i:1010;s:6:"height";i:1024;s:9:"mime-type";s:9:"image/png";}}s:10:"image_meta";a:12:{s:8:"aperture";s:1:"0";s:6:"credit";s:0:"";s:6:"camera";s:0:"";s:7:"caption";s:0:"";s:17:"created_timestamp";s:1:"0";s:9:"copyright";s:0:"";s:12:"focal_length";s:1:"0";s:3:"iso";s:1:"0";s:13:"shutter_speed";s:1:"0";s:5:"title";s:0:"";s:11:"orientation";s:1:"0";s:8:"keywords";a:0:{}}}'),
(108, 44, '_wp_attached_file', '2017/05/nen3.png'),
(109, 44, '_wp_attachment_metadata', 'a:5:{s:5:"width";i:1080;s:6:"height";i:1055;s:4:"file";s:16:"2017/05/nen3.png";s:5:"sizes";a:4:{s:9:"thumbnail";a:4:{s:4:"file";s:16:"nen3-150x150.png";s:5:"width";i:150;s:6:"height";i:150;s:9:"mime-type";s:9:"image/png";}s:6:"medium";a:4:{s:4:"file";s:16:"nen3-300x293.png";s:5:"width";i:300;s:6:"height";i:293;s:9:"mime-type";s:9:"image/png";}s:12:"medium_large";a:4:{s:4:"file";s:16:"nen3-768x750.png";s:5:"width";i:768;s:6:"height";i:750;s:9:"mime-type";s:9:"image/png";}s:5:"large";a:4:{s:4:"file";s:18:"nen3-1024x1000.png";s:5:"width";i:1024;s:6:"height";i:1000;s:9:"mime-type";s:9:"image/png";}}s:10:"image_meta";a:12:{s:8:"aperture";s:1:"0";s:6:"credit";s:0:"";s:6:"camera";s:0:"";s:7:"caption";s:0:"";s:17:"created_timestamp";s:1:"0";s:9:"copyright";s:0:"";s:12:"focal_length";s:1:"0";s:3:"iso";s:1:"0";s:13:"shutter_speed";s:1:"0";s:5:"title";s:0:"";s:11:"orientation";s:1:"0";s:8:"keywords";a:0:{}}}'),
(110, 45, '_wp_attached_file', '2017/05/nen4.png'),
(111, 45, '_wp_attachment_metadata', 'a:5:{s:5:"width";i:1080;s:6:"height";i:864;s:4:"file";s:16:"2017/05/nen4.png";s:5:"sizes";a:4:{s:9:"thumbnail";a:4:{s:4:"file";s:16:"nen4-150x150.png";s:5:"width";i:150;s:6:"height";i:150;s:9:"mime-type";s:9:"image/png";}s:6:"medium";a:4:{s:4:"file";s:16:"nen4-300x240.png";s:5:"width";i:300;s:6:"height";i:240;s:9:"mime-type";s:9:"image/png";}s:12:"medium_large";a:4:{s:4:"file";s:16:"nen4-768x614.png";s:5:"width";i:768;s:6:"height";i:614;s:9:"mime-type";s:9:"image/png";}s:5:"large";a:4:{s:4:"file";s:17:"nen4-1024x819.png";s:5:"width";i:1024;s:6:"height";i:819;s:9:"mime-type";s:9:"image/png";}}s:10:"image_meta";a:12:{s:8:"aperture";s:1:"0";s:6:"credit";s:0:"";s:6:"camera";s:0:"";s:7:"caption";s:0:"";s:17:"created_timestamp";s:1:"0";s:9:"copyright";s:0:"";s:12:"focal_length";s:1:"0";s:3:"iso";s:1:"0";s:13:"shutter_speed";s:1:"0";s:5:"title";s:0:"";s:11:"orientation";s:1:"0";s:8:"keywords";a:0:{}}}'),
(112, 46, '_wp_attached_file', '2017/05/nen5.png'),
(113, 46, '_wp_attachment_metadata', 'a:5:{s:5:"width";i:1080;s:6:"height";i:989;s:4:"file";s:16:"2017/05/nen5.png";s:5:"sizes";a:4:{s:9:"thumbnail";a:4:{s:4:"file";s:16:"nen5-150x150.png";s:5:"width";i:150;s:6:"height";i:150;s:9:"mime-type";s:9:"image/png";}s:6:"medium";a:4:{s:4:"file";s:16:"nen5-300x275.png";s:5:"width";i:300;s:6:"height";i:275;s:9:"mime-type";s:9:"image/png";}s:12:"medium_large";a:4:{s:4:"file";s:16:"nen5-768x703.png";s:5:"width";i:768;s:6:"height";i:703;s:9:"mime-type";s:9:"image/png";}s:5:"large";a:4:{s:4:"file";s:17:"nen5-1024x938.png";s:5:"width";i:1024;s:6:"height";i:938;s:9:"mime-type";s:9:"image/png";}}s:10:"image_meta";a:12:{s:8:"aperture";s:1:"0";s:6:"credit";s:0:"";s:6:"camera";s:0:"";s:7:"caption";s:0:"";s:17:"created_timestamp";s:1:"0";s:9:"copyright";s:0:"";s:12:"focal_length";s:1:"0";s:3:"iso";s:1:"0";s:13:"shutter_speed";s:1:"0";s:5:"title";s:0:"";s:11:"orientation";s:1:"0";s:8:"keywords";a:0:{}}}'),
(114, 47, '_wp_attached_file', '2017/05/nen6.png'),
(115, 47, '_wp_attachment_metadata', 'a:5:{s:5:"width";i:1080;s:6:"height";i:444;s:4:"file";s:16:"2017/05/nen6.png";s:5:"sizes";a:4:{s:9:"thumbnail";a:4:{s:4:"file";s:16:"nen6-150x150.png";s:5:"width";i:150;s:6:"height";i:150;s:9:"mime-type";s:9:"image/png";}s:6:"medium";a:4:{s:4:"file";s:16:"nen6-300x123.png";s:5:"width";i:300;s:6:"height";i:123;s:9:"mime-type";s:9:"image/png";}s:12:"medium_large";a:4:{s:4:"file";s:16:"nen6-768x316.png";s:5:"width";i:768;s:6:"height";i:316;s:9:"mime-type";s:9:"image/png";}s:5:"large";a:4:{s:4:"file";s:17:"nen6-1024x421.png";s:5:"width";i:1024;s:6:"height";i:421;s:9:"mime-type";s:9:"image/png";}}s:10:"image_meta";a:12:{s:8:"aperture";s:1:"0";s:6:"credit";s:0:"";s:6:"camera";s:0:"";s:7:"caption";s:0:"";s:17:"created_timestamp";s:1:"0";s:9:"copyright";s:0:"";s:12:"focal_length";s:1:"0";s:3:"iso";s:1:"0";s:13:"shutter_speed";s:1:"0";s:5:"title";s:0:"";s:11:"orientation";s:1:"0";s:8:"keywords";a:0:{}}}'),
(116, 48, '_wp_attached_file', '2017/05/s.png'),
(117, 48, '_wp_attachment_metadata', 'a:5:{s:5:"width";i:1056;s:6:"height";i:663;s:4:"file";s:13:"2017/05/s.png";s:5:"sizes";a:4:{s:9:"thumbnail";a:4:{s:4:"file";s:13:"s-150x150.png";s:5:"width";i:150;s:6:"height";i:150;s:9:"mime-type";s:9:"image/png";}s:6:"medium";a:4:{s:4:"file";s:13:"s-300x188.png";s:5:"width";i:300;s:6:"height";i:188;s:9:"mime-type";s:9:"image/png";}s:12:"medium_large";a:4:{s:4:"file";s:13:"s-768x482.png";s:5:"width";i:768;s:6:"height";i:482;s:9:"mime-type";s:9:"image/png";}s:5:"large";a:4:{s:4:"file";s:14:"s-1024x643.png";s:5:"width";i:1024;s:6:"height";i:643;s:9:"mime-type";s:9:"image/png";}}s:10:"image_meta";a:12:{s:8:"aperture";s:1:"0";s:6:"credit";s:0:"";s:6:"camera";s:0:"";s:7:"caption";s:0:"";s:17:"created_timestamp";s:1:"0";s:9:"copyright";s:0:"";s:12:"focal_length";s:1:"0";s:3:"iso";s:1:"0";s:13:"shutter_speed";s:1:"0";s:5:"title";s:0:"";s:11:"orientation";s:1:"0";s:8:"keywords";a:0:{}}}'),
(118, 49, '_wp_attached_file', '2017/05/taixuong.png'),
(119, 49, '_wp_attachment_metadata', 'a:5:{s:5:"width";i:55;s:6:"height";i:70;s:4:"file";s:20:"2017/05/taixuong.png";s:5:"sizes";a:0:{}s:10:"image_meta";a:12:{s:8:"aperture";s:1:"0";s:6:"credit";s:0:"";s:6:"camera";s:0:"";s:7:"caption";s:0:"";s:17:"created_timestamp";s:1:"0";s:9:"copyright";s:0:"";s:12:"focal_length";s:1:"0";s:3:"iso";s:1:"0";s:13:"shutter_speed";s:1:"0";s:5:"title";s:0:"";s:11:"orientation";s:1:"0";s:8:"keywords";a:0:{}}}'),
(120, 50, '_wp_attached_file', '2017/05/vn.jpg'),
(121, 50, '_wp_attachment_metadata', 'a:5:{s:5:"width";i:22;s:6:"height";i:16;s:4:"file";s:14:"2017/05/vn.jpg";s:5:"sizes";a:0:{}s:10:"image_meta";a:12:{s:8:"aperture";s:1:"0";s:6:"credit";s:0:"";s:6:"camera";s:0:"";s:7:"caption";s:0:"";s:17:"created_timestamp";s:1:"0";s:9:"copyright";s:0:"";s:12:"focal_length";s:1:"0";s:3:"iso";s:1:"0";s:13:"shutter_speed";s:1:"0";s:5:"title";s:0:"";s:11:"orientation";s:1:"0";s:8:"keywords";a:0:{}}}'),
(122, 10, '_thumbnail_id', '13'),
(125, 52, '_edit_last', '1'),
(126, 52, '_edit_lock', '1493777817:1'),
(127, 52, '_thumbnail_id', '12'),
(130, 54, '_edit_last', '1'),
(131, 54, '_edit_lock', '1493777833:1'),
(132, 54, '_thumbnail_id', '11'),
(143, 56, '_edit_last', '1'),
(144, 56, '_edit_lock', '1493778245:1'),
(147, 58, '_edit_last', '1'),
(148, 58, '_edit_lock', '1493778259:1'),
(151, 60, '_edit_last', '1'),
(152, 60, '_edit_lock', '1493778653:1'),
(155, 62, '_edit_last', '1'),
(156, 62, '_edit_lock', '1493778897:1'),
(157, 62, '_thumbnail_id', '22'),
(160, 64, '_edit_last', '1'),
(161, 64, '_edit_lock', '1493778927:1'),
(162, 64, '_thumbnail_id', '22'),
(165, 66, '_edit_last', '1'),
(166, 66, '_edit_lock', '1493779048:1'),
(167, 66, '_thumbnail_id', '22'),
(170, 68, '_edit_last', '1'),
(171, 68, '_edit_lock', '1493779079:1'),
(172, 68, '_thumbnail_id', '22'),
(175, 70, '_edit_last', '1'),
(176, 70, '_edit_lock', '1493779110:1'),
(177, 70, '_thumbnail_id', '22'),
(180, 72, '_edit_last', '1'),
(181, 72, '_edit_lock', '1493779601:1'),
(182, 72, '_thumbnail_id', '22'),
(185, 74, '_edit_last', '1'),
(186, 74, '_edit_lock', '1493779801:1'),
(189, 76, '_edit_last', '1'),
(190, 76, '_edit_lock', '1493795735:1'),
(193, 78, '_edit_last', '1'),
(194, 78, '_edit_lock', '1493780214:1'),
(197, 80, '_edit_last', '1'),
(198, 80, '_edit_lock', '1493780422:1'),
(201, 83, '_edit_last', '1'),
(202, 83, '_edit_lock', '1493780153:1'),
(219, 93, '_edit_last', '1'),
(220, 93, '_edit_lock', '1493795849:1'),
(221, 93, '_thumbnail_id', '23'),
(224, 95, '_edit_last', '1'),
(225, 95, '_edit_lock', '1493780893:1'),
(226, 95, '_thumbnail_id', '23'),
(229, 97, '_edit_last', '1'),
(230, 97, '_edit_lock', '1493780797:1'),
(231, 97, '_thumbnail_id', '23'),
(236, 100, '_edit_last', '1'),
(237, 100, '_edit_lock', '1493780823:1'),
(238, 100, '_thumbnail_id', '23'),
(245, 104, '_edit_last', '1'),
(246, 104, '_edit_lock', '1493781079:1'),
(247, 104, '_thumbnail_id', '26'),
(250, 106, '_edit_last', '1'),
(251, 106, '_edit_lock', '1493780953:1'),
(252, 106, '_thumbnail_id', '25'),
(255, 108, '_edit_last', '1'),
(256, 108, '_edit_lock', '1493780991:1'),
(257, 108, '_thumbnail_id', '24'),
(262, 110, '_edit_last', '1'),
(263, 110, '_edit_lock', '1493795911:1'),
(266, 112, '_edit_last', '1'),
(267, 112, '_edit_lock', '1493798446:1'),
(268, 112, '_thumbnail_id', '16'),
(275, 115, '_edit_last', '1'),
(276, 115, '_edit_lock', '1493795988:1'),
(283, 119, '_edit_last', '1'),
(284, 119, '_edit_lock', '1493802332:1'),
(285, 119, '_thumbnail_id', '18'),
(288, 121, '_edit_last', '1'),
(289, 121, '_edit_lock', '1493796830:1'),
(290, 121, '_thumbnail_id', '19'),
(293, 123, '_edit_last', '1'),
(294, 123, '_edit_lock', '1493794512:1'),
(295, 123, '_thumbnail_id', '20'),
(298, 125, '_edit_last', '1'),
(299, 125, '_edit_lock', '1493788816:1'),
(300, 125, '_thumbnail_id', '21'),
(303, 127, '_edit_last', '1'),
(304, 127, '_edit_lock', '1493782752:1'),
(305, 127, '_thumbnail_id', '27'),
(308, 129, '_edit_last', '1'),
(309, 129, '_edit_lock', '1493782778:1'),
(310, 129, '_thumbnail_id', '28'),
(313, 131, '_edit_last', '1'),
(314, 131, '_edit_lock', '1493782817:1'),
(315, 131, '_thumbnail_id', '29'),
(318, 133, '_edit_last', '1'),
(319, 133, '_edit_lock', '1493783522:1'),
(322, 135, '_edit_last', '1'),
(323, 135, '_edit_lock', '1493794434:1'),
(326, 137, '_edit_last', '1'),
(327, 137, '_edit_lock', '1493783627:1'),
(330, 139, '_edit_last', '1'),
(331, 139, '_edit_lock', '1493783666:1'),
(334, 141, '_edit_last', '1'),
(335, 141, '_edit_lock', '1493788791:1'),
(342, 144, '_form', '<label> Họ vè tên (required)\n    [text* your-name] </label>\n\n<label> Email (required)\n    [email* your-email] </label>\n\n<label> Số điện thoại\n[text SDT] </label>\n\n[submit "Send"]'),
(343, 144, '_mail', 'a:9:{s:6:"active";b:1;s:7:"subject";s:24:"shipper "[your-subject]"";s:6:"sender";s:34:"[your-name] <mitbem2503@gmail.com>";s:9:"recipient";s:20:"mitbem2503@gmail.com";s:4:"body";s:175:"From: [your-name] <[your-email]>\nSubject: [your-subject]\n\nMessage Body:\n[your-message]\n\n-- \nThis e-mail was sent from a contact form on shipper (http://localhost:8080/shipper)";s:18:"additional_headers";s:22:"Reply-To: [your-email]";s:11:"attachments";s:0:"";s:8:"use_html";b:0;s:13:"exclude_blank";b:0;}'),
(344, 144, '_mail_2', 'a:9:{s:6:"active";b:0;s:7:"subject";s:24:"shipper "[your-subject]"";s:6:"sender";s:30:"shipper <mitbem2503@gmail.com>";s:9:"recipient";s:12:"[your-email]";s:4:"body";s:117:"Message Body:\n[your-message]\n\n-- \nThis e-mail was sent from a contact form on shipper (http://localhost:8080/shipper)";s:18:"additional_headers";s:30:"Reply-To: mitbem2503@gmail.com";s:11:"attachments";s:0:"";s:8:"use_html";b:0;s:13:"exclude_blank";b:0;}'),
(345, 144, '_messages', 'a:23:{s:12:"mail_sent_ok";s:45:"Thank you for your message. It has been sent.";s:12:"mail_sent_ng";s:71:"There was an error trying to send your message. Please try again later.";s:16:"validation_error";s:61:"One or more fields have an error. Please check and try again.";s:4:"spam";s:71:"There was an error trying to send your message. Please try again later.";s:12:"accept_terms";s:69:"You must accept the terms and conditions before sending your message.";s:16:"invalid_required";s:22:"The field is required.";s:16:"invalid_too_long";s:22:"The field is too long.";s:17:"invalid_too_short";s:23:"The field is too short.";s:12:"invalid_date";s:29:"The date format is incorrect.";s:14:"date_too_early";s:44:"The date is before the earliest one allowed.";s:13:"date_too_late";s:41:"The date is after the latest one allowed.";s:13:"upload_failed";s:46:"There was an unknown error uploading the file.";s:24:"upload_file_type_invalid";s:49:"You are not allowed to upload files of this type.";s:21:"upload_file_too_large";s:20:"The file is too big.";s:23:"upload_failed_php_error";s:38:"There was an error uploading the file.";s:14:"invalid_number";s:29:"The number format is invalid.";s:16:"number_too_small";s:47:"The number is smaller than the minimum allowed.";s:16:"number_too_large";s:46:"The number is larger than the maximum allowed.";s:23:"quiz_answer_not_correct";s:36:"The answer to the quiz is incorrect.";s:17:"captcha_not_match";s:31:"Your entered code is incorrect.";s:13:"invalid_email";s:38:"The e-mail address entered is invalid.";s:11:"invalid_url";s:19:"The URL is invalid.";s:11:"invalid_tel";s:32:"The telephone number is invalid.";}'),
(346, 144, '_additional_settings', ''),
(347, 144, '_locale', 'vi'),
(348, 145, '_edit_last', '1'),
(349, 145, '_edit_lock', '1493799429:1'),
(368, 149, '_menu_item_type', 'post_type'),
(369, 149, '_menu_item_menu_item_parent', '0'),
(370, 149, '_menu_item_object_id', '4'),
(371, 149, '_menu_item_object', 'page'),
(372, 149, '_menu_item_target', ''),
(373, 149, '_menu_item_classes', 'a:1:{i:0;s:0:"";}'),
(374, 149, '_menu_item_xfn', ''),
(375, 149, '_menu_item_url', ''),
(377, 150, '_edit_last', '1'),
(378, 150, '_edit_lock', '1493795820:1'),
(381, 152, '_edit_last', '1'),
(382, 152, '_edit_lock', '1493795749:1'),
(385, 154, '_edit_last', '1'),
(386, 154, '_edit_lock', '1493800776:1'),
(389, 156, '_edit_last', '1'),
(390, 156, '_edit_lock', '1493795779:1'),
(417, 169, '_edit_last', '1'),
(418, 169, '_edit_lock', '1493788422:1'),
(423, 169, '_wp_trash_meta_status', 'draft'),
(424, 169, '_wp_trash_meta_time', '1493788815'),
(425, 169, '_wp_desired_post_slug', ''),
(464, 196, '_form', '<label> Họ tên <font color = "red">(*)</fort>(required)\n    [text* ho-ten] </label>\n\n<label> Email <font color = "red">(*)</fort>(required)\n    [email* email] </label>\n\n<label> Số điện thoại <font color = "red">(*)</fort>(required)\n    [text so-dien-thoai] </label>\n\n<label> Tin nhắn của bạn <font color = "red">(*)</fort>\n    [text tin-nhan-cua-ban] </label>\n\n[submit "Send"]'),
(465, 196, '_mail', 'a:9:{s:6:"active";b:1;s:7:"subject";s:28:"Liên hệ: "[your-subject]"";s:6:"sender";s:34:"[your-name] <mitbem2503@gmail.com>";s:9:"recipient";s:20:"mitbem2503@gmail.com";s:4:"body";s:234:"From: [your-name] <[your-email]>\nSubject: [your-subject]\n\nHọ tên:[ho-ten]\nEmail:[email]\nSĐT:[so-dien-thoai]\nTin nhắn: [tin-nhan-cua-ban]\nMessage Body:\n[your-message]\n\n-- \nLiên hệ được gửi (http://localhost:8080/shipper)";s:18:"additional_headers";s:22:"Reply-To: [your-email]";s:11:"attachments";s:0:"";s:8:"use_html";b:0;s:13:"exclude_blank";b:0;}'),
(466, 196, '_mail_2', 'a:9:{s:6:"active";b:0;s:7:"subject";s:24:"shipper "[your-subject]"";s:6:"sender";s:30:"shipper <mitbem2503@gmail.com>";s:9:"recipient";s:12:"[your-email]";s:4:"body";s:117:"Message Body:\n[your-message]\n\n-- \nThis e-mail was sent from a contact form on shipper (http://localhost:8080/shipper)";s:18:"additional_headers";s:30:"Reply-To: mitbem2503@gmail.com";s:11:"attachments";s:0:"";s:8:"use_html";b:0;s:13:"exclude_blank";b:0;}'),
(467, 196, '_messages', 'a:23:{s:12:"mail_sent_ok";s:45:"Thank you for your message. It has been sent.";s:12:"mail_sent_ng";s:71:"There was an error trying to send your message. Please try again later.";s:16:"validation_error";s:61:"One or more fields have an error. Please check and try again.";s:4:"spam";s:71:"There was an error trying to send your message. Please try again later.";s:12:"accept_terms";s:69:"You must accept the terms and conditions before sending your message.";s:16:"invalid_required";s:22:"The field is required.";s:16:"invalid_too_long";s:22:"The field is too long.";s:17:"invalid_too_short";s:23:"The field is too short.";s:12:"invalid_date";s:29:"The date format is incorrect.";s:14:"date_too_early";s:44:"The date is before the earliest one allowed.";s:13:"date_too_late";s:41:"The date is after the latest one allowed.";s:13:"upload_failed";s:46:"There was an unknown error uploading the file.";s:24:"upload_file_type_invalid";s:49:"You are not allowed to upload files of this type.";s:21:"upload_file_too_large";s:20:"The file is too big.";s:23:"upload_failed_php_error";s:38:"There was an error uploading the file.";s:14:"invalid_number";s:29:"The number format is invalid.";s:16:"number_too_small";s:47:"The number is smaller than the minimum allowed.";s:16:"number_too_large";s:46:"The number is larger than the maximum allowed.";s:23:"quiz_answer_not_correct";s:36:"The answer to the quiz is incorrect.";s:17:"captcha_not_match";s:31:"Your entered code is incorrect.";s:13:"invalid_email";s:38:"The e-mail address entered is invalid.";s:11:"invalid_url";s:19:"The URL is invalid.";s:11:"invalid_tel";s:32:"The telephone number is invalid.";}'),
(468, 196, '_additional_settings', ''),
(469, 196, '_locale', 'vi'),
(472, 196, '_config_errors', 'a:1:{s:23:"mail.additional_headers";a:1:{i:0;a:2:{s:4:"code";i:102;s:4:"args";a:3:{s:7:"message";s:51:"Invalid mailbox syntax is used in the %name% field.";s:6:"params";a:1:{s:4:"name";s:8:"Reply-To";}s:4:"link";s:68:"https://contactform7.com/configuration-errors/invalid-mailbox-syntax";}}}}'),
(473, 199, '_menu_item_type', 'post_type'),
(474, 199, '_menu_item_menu_item_parent', '0'),
(475, 199, '_menu_item_object_id', '145'),
(476, 199, '_menu_item_object', 'page'),
(477, 199, '_menu_item_target', ''),
(478, 199, '_menu_item_classes', 'a:1:{i:0;s:0:"";}'),
(479, 199, '_menu_item_xfn', ''),
(480, 199, '_menu_item_url', ''),
(492, 204, '_edit_last', '1'),
(493, 204, '_edit_lock', '1493800936:1');

-- --------------------------------------------------------

--
-- Table structure for table `shpposts`
--

CREATE TABLE IF NOT EXISTS `shpposts` (
  `ID` bigint(20) unsigned NOT NULL AUTO_INCREMENT,
  `post_author` bigint(20) unsigned NOT NULL DEFAULT '0',
  `post_date` datetime NOT NULL DEFAULT '0000-00-00 00:00:00',
  `post_date_gmt` datetime NOT NULL DEFAULT '0000-00-00 00:00:00',
  `post_content` longtext COLLATE utf8mb4_unicode_520_ci NOT NULL,
  `post_title` text COLLATE utf8mb4_unicode_520_ci NOT NULL,
  `post_excerpt` text COLLATE utf8mb4_unicode_520_ci NOT NULL,
  `post_status` varchar(20) COLLATE utf8mb4_unicode_520_ci NOT NULL DEFAULT 'publish',
  `comment_status` varchar(20) COLLATE utf8mb4_unicode_520_ci NOT NULL DEFAULT 'open',
  `ping_status` varchar(20) COLLATE utf8mb4_unicode_520_ci NOT NULL DEFAULT 'open',
  `post_password` varchar(255) COLLATE utf8mb4_unicode_520_ci NOT NULL DEFAULT '',
  `post_name` varchar(200) COLLATE utf8mb4_unicode_520_ci NOT NULL DEFAULT '',
  `to_ping` text COLLATE utf8mb4_unicode_520_ci NOT NULL,
  `pinged` text COLLATE utf8mb4_unicode_520_ci NOT NULL,
  `post_modified` datetime NOT NULL DEFAULT '0000-00-00 00:00:00',
  `post_modified_gmt` datetime NOT NULL DEFAULT '0000-00-00 00:00:00',
  `post_content_filtered` longtext COLLATE utf8mb4_unicode_520_ci NOT NULL,
  `post_parent` bigint(20) unsigned NOT NULL DEFAULT '0',
  `guid` varchar(255) COLLATE utf8mb4_unicode_520_ci NOT NULL DEFAULT '',
  `menu_order` int(11) NOT NULL DEFAULT '0',
  `post_type` varchar(20) COLLATE utf8mb4_unicode_520_ci NOT NULL DEFAULT 'post',
  `post_mime_type` varchar(100) COLLATE utf8mb4_unicode_520_ci NOT NULL DEFAULT '',
  `comment_count` bigint(20) NOT NULL DEFAULT '0',
  PRIMARY KEY (`ID`),
  KEY `post_name` (`post_name`(191)),
  KEY `type_status_date` (`post_type`,`post_status`,`post_date`,`ID`),
  KEY `post_parent` (`post_parent`),
  KEY `post_author` (`post_author`)
) ENGINE=InnoDB  DEFAULT CHARSET=utf8mb4 COLLATE=utf8mb4_unicode_520_ci AUTO_INCREMENT=209 ;

--
-- Dumping data for table `shpposts`
--

INSERT INTO `shpposts` (`ID`, `post_author`, `post_date`, `post_date_gmt`, `post_content`, `post_title`, `post_excerpt`, `post_status`, `comment_status`, `ping_status`, `post_password`, `post_name`, `to_ping`, `pinged`, `post_modified`, `post_modified_gmt`, `post_content_filtered`, `post_parent`, `guid`, `menu_order`, `post_type`, `post_mime_type`, `comment_count`) VALUES
(1, 1, '2017-05-03 01:29:45', '2017-05-03 01:29:45', 'Chúc mừng đến với WordPress. Đây là bài viết đầu tiên của bạn. Hãy chỉnh sửa hay xóa bài viết này, và bắt đầu viết blog!', 'Chào tất cả mọi người!', '', 'publish', 'open', 'open', '', 'chao-moi-nguoi', '', '', '2017-05-03 01:29:45', '2017-05-03 01:29:45', '', 0, 'http://localhost:8080/shipper/?p=1', 0, 'post', '', 1),
(2, 1, '2017-05-03 01:29:45', '2017-05-03 01:29:45', 'Đây là một trang tĩnh mẫu. Nó khác với một bài viết ở chỗ nó sẽ luôn ở một vị trí và sẽ được hiển thị tại thực đơn điều hướng trên trang mạng của bạn (với hầu hết các giao diện). Hầu hết mọi người bắt đầu với trang Giới Thiệu kể về họ với người đọc. Nó có thể được viết như sau:\n\n<blockquote>Xin chào! tôi là người chuyển hàng bằng xe đạp vào ban ngày, diễn viên luôn nỗ lực tiến bộ vào buổi tối, và đây là trang nhật ký trực tuyến của tôi. Tôi sống ở Los Angeles, tôi nuôi một con chó tuyệt vời tên là Jack, và tôi thích pi&#241;a coladas. (Và có thể gặp trong mưa.)</blockquote>\n\n...hoặc tương tự như:\n\n<blockquote>Công ty Đồ dùng XYZ được thành lập năm 1971, và đã cung cấp đồ dùng chất lượng cho cộng đồng từ thời điểm đó. Tại thành phố Gotham, XYZ tạo ra việc làm cho hơn 2,000 người và làm ra những đồ dùng tuyệt vời phục vụ mọi nhu cầu cho người dân Gotham.</blockquote>\n\nLà một người sử dụng WordPress mới, bạn nên truy cập <a href="http://localhost:8080/shipper/wp-admin/">bảng thống kê</a> để xóa trang tĩnh này và tạo trang tĩnh mới cho nội dung của bạn. Hãy tận hưởng!', 'Trang Mẫu', '', 'publish', 'closed', 'open', '', 'Trang mẫu', '', '', '2017-05-03 01:29:45', '2017-05-03 01:29:45', '', 0, 'http://localhost:8080/shipper/?page_id=2', 0, 'page', '', 0),
(3, 1, '2017-05-03 01:30:25', '0000-00-00 00:00:00', '', 'Lưu bản nháp tự động', '', 'auto-draft', 'open', 'open', '', '', '', '', '2017-05-03 01:30:25', '0000-00-00 00:00:00', '', 0, 'http://localhost:8080/shipper/?p=3', 0, 'post', '', 0),
(4, 1, '2017-05-03 01:59:55', '2017-05-03 01:59:55', '', 'Dịch Vụ', '', 'publish', 'closed', 'closed', '', 'dich-vu', '', '', '2017-05-03 01:59:55', '2017-05-03 01:59:55', '', 0, 'http://localhost:8080/shipper/?page_id=4', 0, 'page', '', 0),
(5, 1, '2017-05-03 01:59:55', '2017-05-03 01:59:55', '', 'Dịch Vụ', '', 'inherit', 'closed', 'closed', '', '4-revision-v1', '', '', '2017-05-03 01:59:55', '2017-05-03 01:59:55', '', 4, 'http://localhost:8080/shipper/2017/05/03/4-revision-v1/', 0, 'revision', '', 0),
(7, 1, '2017-05-03 02:01:27', '2017-05-03 02:01:27', ' ', '', '', 'publish', 'closed', 'closed', '', '7', '', '', '2017-05-03 08:22:57', '2017-05-03 08:22:57', '', 0, 'http://localhost:8080/shipper/?p=7', 4, 'nav_menu_item', '', 0),
(8, 1, '2017-05-03 02:01:26', '2017-05-03 02:01:26', ' ', '', '', 'publish', 'closed', 'closed', '', '8', '', '', '2017-05-03 08:22:57', '2017-05-03 08:22:57', '', 0, 'http://localhost:8080/shipper/?p=8', 3, 'nav_menu_item', '', 0),
(10, 1, '2017-05-03 02:07:42', '2017-05-03 02:07:42', '', 'anh1', '', 'publish', 'open', 'open', '', 'anh1', '', '', '2017-05-03 02:19:53', '2017-05-03 02:19:53', '', 0, 'http://localhost:8080/shipper/?p=10', 0, 'post', '', 0),
(11, 1, '2017-05-03 02:06:50', '2017-05-03 02:06:50', '', 'agd', '', 'inherit', 'open', 'closed', '', 'agd', '', '', '2017-05-03 02:06:50', '2017-05-03 02:06:50', '', 10, 'http://localhost:8080/shipper/wp-content/uploads/2017/05/agd.png', 0, 'attachment', 'image/png', 0),
(12, 1, '2017-05-03 02:06:52', '2017-05-03 02:06:52', '', 'agd1', '', 'inherit', 'open', 'closed', '', 'agd1', '', '', '2017-05-03 02:06:52', '2017-05-03 02:06:52', '', 10, 'http://localhost:8080/shipper/wp-content/uploads/2017/05/agd1.png', 0, 'attachment', 'image/png', 0),
(13, 1, '2017-05-03 02:06:53', '2017-05-03 02:06:53', '', 'agd2', '', 'inherit', 'open', 'closed', '', 'agd2', '', '', '2017-05-03 02:06:53', '2017-05-03 02:06:53', '', 10, 'http://localhost:8080/shipper/wp-content/uploads/2017/05/agd2.png', 0, 'attachment', 'image/png', 0),
(14, 1, '2017-05-03 02:06:54', '2017-05-03 02:06:54', '', 'apple', '', 'inherit', 'open', 'closed', '', 'apple', '', '', '2017-05-03 02:06:54', '2017-05-03 02:06:54', '', 10, 'http://localhost:8080/shipper/wp-content/uploads/2017/05/apple.png', 0, 'attachment', 'image/png', 0),
(15, 1, '2017-05-03 02:06:55', '2017-05-03 02:06:55', '', 'googplay', '', 'inherit', 'open', 'closed', '', 'googplay', '', '', '2017-05-03 02:06:55', '2017-05-03 02:06:55', '', 10, 'http://localhost:8080/shipper/wp-content/uploads/2017/05/googplay.png', 0, 'attachment', 'image/png', 0),
(16, 1, '2017-05-03 02:06:55', '2017-05-03 02:06:55', '', 'grap', '', 'inherit', 'open', 'closed', '', 'grap', '', '', '2017-05-03 02:06:55', '2017-05-03 02:06:55', '', 10, 'http://localhost:8080/shipper/wp-content/uploads/2017/05/grap.png', 0, 'attachment', 'image/png', 0),
(17, 1, '2017-05-03 02:06:56', '2017-05-03 02:06:56', '', 'grap1', '', 'inherit', 'open', 'closed', '', 'grap1', '', '', '2017-05-03 02:06:56', '2017-05-03 02:06:56', '', 10, 'http://localhost:8080/shipper/wp-content/uploads/2017/05/grap1.png', 0, 'attachment', 'image/png', 0),
(18, 1, '2017-05-03 02:06:56', '2017-05-03 02:06:56', '', 'grap2', '', 'inherit', 'open', 'closed', '', 'grap2', '', '', '2017-05-03 02:06:56', '2017-05-03 02:06:56', '', 10, 'http://localhost:8080/shipper/wp-content/uploads/2017/05/grap2.png', 0, 'attachment', 'image/png', 0),
(19, 1, '2017-05-03 02:06:57', '2017-05-03 02:06:57', '', 'grap3', '', 'inherit', 'open', 'closed', '', 'grap3', '', '', '2017-05-03 02:06:57', '2017-05-03 02:06:57', '', 10, 'http://localhost:8080/shipper/wp-content/uploads/2017/05/grap3.png', 0, 'attachment', 'image/png', 0),
(20, 1, '2017-05-03 02:06:57', '2017-05-03 02:06:57', '', 'grap4', '', 'inherit', 'open', 'closed', '', 'grap4', '', '', '2017-05-03 02:06:57', '2017-05-03 02:06:57', '', 10, 'http://localhost:8080/shipper/wp-content/uploads/2017/05/grap4.png', 0, 'attachment', 'image/png', 0),
(21, 1, '2017-05-03 02:06:58', '2017-05-03 02:06:58', '', 'grap5', '', 'inherit', 'open', 'closed', '', 'grap5', '', '', '2017-05-03 02:06:58', '2017-05-03 02:06:58', '', 10, 'http://localhost:8080/shipper/wp-content/uploads/2017/05/grap5.png', 0, 'attachment', 'image/png', 0),
(22, 1, '2017-05-03 02:06:58', '2017-05-03 02:06:58', '', 'icon', '', 'inherit', 'open', 'closed', '', 'icon', '', '', '2017-05-03 02:06:58', '2017-05-03 02:06:58', '', 10, 'http://localhost:8080/shipper/wp-content/uploads/2017/05/icon.png', 0, 'attachment', 'image/png', 0),
(23, 1, '2017-05-03 02:06:59', '2017-05-03 02:06:59', '', 'icon1', '', 'inherit', 'open', 'closed', '', 'icon1', '', '', '2017-05-03 02:06:59', '2017-05-03 02:06:59', '', 10, 'http://localhost:8080/shipper/wp-content/uploads/2017/05/icon1.png', 0, 'attachment', 'image/png', 0),
(24, 1, '2017-05-03 02:06:59', '2017-05-03 02:06:59', '', 'icon2', '', 'inherit', 'open', 'closed', '', 'icon2', '', '', '2017-05-03 02:06:59', '2017-05-03 02:06:59', '', 10, 'http://localhost:8080/shipper/wp-content/uploads/2017/05/icon2.png', 0, 'attachment', 'image/png', 0),
(25, 1, '2017-05-03 02:07:00', '2017-05-03 02:07:00', '', 'icon3', '', 'inherit', 'open', 'closed', '', 'icon3', '', '', '2017-05-03 02:07:00', '2017-05-03 02:07:00', '', 10, 'http://localhost:8080/shipper/wp-content/uploads/2017/05/icon3.png', 0, 'attachment', 'image/png', 0),
(26, 1, '2017-05-03 02:07:00', '2017-05-03 02:07:00', '', 'icon4', '', 'inherit', 'open', 'closed', '', 'icon4', '', '', '2017-05-03 02:07:00', '2017-05-03 02:07:00', '', 10, 'http://localhost:8080/shipper/wp-content/uploads/2017/05/icon4.png', 0, 'attachment', 'image/png', 0),
(27, 1, '2017-05-03 02:07:00', '2017-05-03 02:07:00', '', 'icon5', '', 'inherit', 'open', 'closed', '', 'icon5', '', '', '2017-05-03 02:07:00', '2017-05-03 02:07:00', '', 10, 'http://localhost:8080/shipper/wp-content/uploads/2017/05/icon5.png', 0, 'attachment', 'image/png', 0),
(28, 1, '2017-05-03 02:07:01', '2017-05-03 02:07:01', '', 'icon6', '', 'inherit', 'open', 'closed', '', 'icon6', '', '', '2017-05-03 02:07:01', '2017-05-03 02:07:01', '', 10, 'http://localhost:8080/shipper/wp-content/uploads/2017/05/icon6.png', 0, 'attachment', 'image/png', 0),
(29, 1, '2017-05-03 02:07:01', '2017-05-03 02:07:01', '', 'icon7', '', 'inherit', 'open', 'closed', '', 'icon7', '', '', '2017-05-03 02:07:01', '2017-05-03 02:07:01', '', 10, 'http://localhost:8080/shipper/wp-content/uploads/2017/05/icon7.png', 0, 'attachment', 'image/png', 0),
(30, 1, '2017-05-03 02:07:02', '2017-05-03 02:07:02', '', 'icon8', '', 'inherit', 'open', 'closed', '', 'icon8', '', '', '2017-05-03 02:07:02', '2017-05-03 02:07:02', '', 10, 'http://localhost:8080/shipper/wp-content/uploads/2017/05/icon8.png', 0, 'attachment', 'image/png', 0),
(31, 1, '2017-05-03 02:07:02', '2017-05-03 02:07:02', '', 'icon9', '', 'inherit', 'open', 'closed', '', 'icon9', '', '', '2017-05-03 02:07:02', '2017-05-03 02:07:02', '', 10, 'http://localhost:8080/shipper/wp-content/uploads/2017/05/icon9.png', 0, 'attachment', 'image/png', 0),
(32, 1, '2017-05-03 02:07:03', '2017-05-03 02:07:03', '', 'kh', '', 'inherit', 'open', 'closed', '', 'kh', '', '', '2017-05-03 02:07:03', '2017-05-03 02:07:03', '', 10, 'http://localhost:8080/shipper/wp-content/uploads/2017/05/kh.png', 0, 'attachment', 'image/png', 0),
(33, 1, '2017-05-03 02:07:04', '2017-05-03 02:07:04', '', 'kh1', '', 'inherit', 'open', 'closed', '', 'kh1', '', '', '2017-05-03 02:07:04', '2017-05-03 02:07:04', '', 10, 'http://localhost:8080/shipper/wp-content/uploads/2017/05/kh1.png', 0, 'attachment', 'image/png', 0),
(34, 1, '2017-05-03 02:07:04', '2017-05-03 02:07:04', '', 'kh2', '', 'inherit', 'open', 'closed', '', 'kh2', '', '', '2017-05-03 02:07:04', '2017-05-03 02:07:04', '', 10, 'http://localhost:8080/shipper/wp-content/uploads/2017/05/kh2.png', 0, 'attachment', 'image/png', 0),
(35, 1, '2017-05-03 02:07:05', '2017-05-03 02:07:05', '', 'kh3', '', 'inherit', 'open', 'closed', '', 'kh3', '', '', '2017-05-03 02:07:05', '2017-05-03 02:07:05', '', 10, 'http://localhost:8080/shipper/wp-content/uploads/2017/05/kh3.png', 0, 'attachment', 'image/png', 0),
(36, 1, '2017-05-03 02:07:06', '2017-05-03 02:07:06', '', 'kh21', '', 'inherit', 'open', 'closed', '', 'kh21', '', '', '2017-05-03 02:07:06', '2017-05-03 02:07:06', '', 10, 'http://localhost:8080/shipper/wp-content/uploads/2017/05/kh21.png', 0, 'attachment', 'image/png', 0),
(37, 1, '2017-05-03 02:07:07', '2017-05-03 02:07:07', '', 'kh22', '', 'inherit', 'open', 'closed', '', 'kh22', '', '', '2017-05-03 02:07:07', '2017-05-03 02:07:07', '', 10, 'http://localhost:8080/shipper/wp-content/uploads/2017/05/kh22.png', 0, 'attachment', 'image/png', 0),
(38, 1, '2017-05-03 02:07:08', '2017-05-03 02:07:08', '', 'kh23', '', 'inherit', 'open', 'closed', '', 'kh23', '', '', '2017-05-03 02:07:08', '2017-05-03 02:07:08', '', 10, 'http://localhost:8080/shipper/wp-content/uploads/2017/05/kh23.png', 0, 'attachment', 'image/png', 0),
(39, 1, '2017-05-03 02:07:09', '2017-05-03 02:07:09', '', 'lg', '', 'inherit', 'open', 'closed', '', 'lg', '', '', '2017-05-03 02:07:09', '2017-05-03 02:07:09', '', 10, 'http://localhost:8080/shipper/wp-content/uploads/2017/05/lg.png', 0, 'attachment', 'image/png', 0),
(40, 1, '2017-05-03 02:07:09', '2017-05-03 02:07:09', '', 'logo', '', 'inherit', 'open', 'closed', '', 'logo', '', '', '2017-05-03 02:07:09', '2017-05-03 02:07:09', '', 10, 'http://localhost:8080/shipper/wp-content/uploads/2017/05/logo.png', 0, 'attachment', 'image/png', 0),
(41, 1, '2017-05-03 02:07:10', '2017-05-03 02:07:10', '', 'mv', '', 'inherit', 'open', 'closed', '', 'mv', '', '', '2017-05-03 02:07:10', '2017-05-03 02:07:10', '', 10, 'http://localhost:8080/shipper/wp-content/uploads/2017/05/mv.png', 0, 'attachment', 'image/png', 0),
(42, 1, '2017-05-03 02:07:10', '2017-05-03 02:07:10', '', 'nen1', '', 'inherit', 'open', 'closed', '', 'nen1', '', '', '2017-05-03 02:07:10', '2017-05-03 02:07:10', '', 10, 'http://localhost:8080/shipper/wp-content/uploads/2017/05/nen1.png', 0, 'attachment', 'image/png', 0),
(43, 1, '2017-05-03 02:07:11', '2017-05-03 02:07:11', '', 'nen2', '', 'inherit', 'open', 'closed', '', 'nen2', '', '', '2017-05-03 02:07:11', '2017-05-03 02:07:11', '', 10, 'http://localhost:8080/shipper/wp-content/uploads/2017/05/nen2.png', 0, 'attachment', 'image/png', 0),
(44, 1, '2017-05-03 02:07:13', '2017-05-03 02:07:13', '', 'nen3', '', 'inherit', 'open', 'closed', '', 'nen3', '', '', '2017-05-03 02:07:13', '2017-05-03 02:07:13', '', 10, 'http://localhost:8080/shipper/wp-content/uploads/2017/05/nen3.png', 0, 'attachment', 'image/png', 0),
(45, 1, '2017-05-03 02:07:14', '2017-05-03 02:07:14', '', 'nen4', '', 'inherit', 'open', 'closed', '', 'nen4', '', '', '2017-05-03 02:07:14', '2017-05-03 02:07:14', '', 10, 'http://localhost:8080/shipper/wp-content/uploads/2017/05/nen4.png', 0, 'attachment', 'image/png', 0),
(46, 1, '2017-05-03 02:07:15', '2017-05-03 02:07:15', '', 'nen5', '', 'inherit', 'open', 'closed', '', 'nen5', '', '', '2017-05-03 02:07:15', '2017-05-03 02:07:15', '', 10, 'http://localhost:8080/shipper/wp-content/uploads/2017/05/nen5.png', 0, 'attachment', 'image/png', 0),
(47, 1, '2017-05-03 02:07:16', '2017-05-03 02:07:16', '', 'nen6', '', 'inherit', 'open', 'closed', '', 'nen6', '', '', '2017-05-03 02:07:16', '2017-05-03 02:07:16', '', 10, 'http://localhost:8080/shipper/wp-content/uploads/2017/05/nen6.png', 0, 'attachment', 'image/png', 0),
(48, 1, '2017-05-03 02:07:17', '2017-05-03 02:07:17', '', 's', '', 'inherit', 'open', 'closed', '', 's', '', '', '2017-05-03 02:07:17', '2017-05-03 02:07:17', '', 10, 'http://localhost:8080/shipper/wp-content/uploads/2017/05/s.png', 0, 'attachment', 'image/png', 0),
(49, 1, '2017-05-03 02:07:18', '2017-05-03 02:07:18', '', 'taixuong', '', 'inherit', 'open', 'closed', '', 'taixuong', '', '', '2017-05-03 02:07:18', '2017-05-03 02:07:18', '', 10, 'http://localhost:8080/shipper/wp-content/uploads/2017/05/taixuong.png', 0, 'attachment', 'image/png', 0),
(50, 1, '2017-05-03 02:07:19', '2017-05-03 02:07:19', '', 'vn', '', 'inherit', 'open', 'closed', '', 'vn', '', '', '2017-05-03 02:07:19', '2017-05-03 02:07:19', '', 10, 'http://localhost:8080/shipper/wp-content/uploads/2017/05/vn.jpg', 0, 'attachment', 'image/jpeg', 0),
(51, 1, '2017-05-03 02:07:42', '2017-05-03 02:07:42', '', 'anh1', '', 'inherit', 'closed', 'closed', '', '10-revision-v1', '', '', '2017-05-03 02:07:42', '2017-05-03 02:07:42', '', 10, 'http://localhost:8080/shipper/2017/05/03/10-revision-v1/', 0, 'revision', '', 0),
(52, 1, '2017-05-03 02:08:02', '2017-05-03 02:08:02', '', 'anh2', '', 'publish', 'open', 'open', '', 'anh2', '', '', '2017-05-03 02:08:51', '2017-05-03 02:08:51', '', 0, 'http://localhost:8080/shipper/?p=52', 0, 'post', '', 0),
(53, 1, '2017-05-03 02:08:02', '2017-05-03 02:08:02', '', 'anh2', '', 'inherit', 'closed', 'closed', '', '52-revision-v1', '', '', '2017-05-03 02:08:02', '2017-05-03 02:08:02', '', 52, 'http://localhost:8080/shipper/2017/05/03/52-revision-v1/', 0, 'revision', '', 0),
(54, 1, '2017-05-03 02:08:17', '2017-05-03 02:08:17', '', 'anh3', '', 'publish', 'open', 'open', '', 'anh3', '', '', '2017-05-03 02:19:34', '2017-05-03 02:19:34', '', 0, 'http://localhost:8080/shipper/?p=54', 0, 'post', '', 0),
(55, 1, '2017-05-03 02:08:17', '2017-05-03 02:08:17', '', 'anh3', '', 'inherit', 'closed', 'closed', '', '54-revision-v1', '', '', '2017-05-03 02:08:17', '2017-05-03 02:08:17', '', 54, 'http://localhost:8080/shipper/2017/05/03/54-revision-v1/', 0, 'revision', '', 0),
(56, 1, '2017-05-03 02:25:57', '2017-05-03 02:25:57', 'Những lợi ích mà shipper mang lại\r\n\r\n', 'Những lợi ích', '', 'publish', 'open', 'open', '', 'nhung-loi-ich', '', '', '2017-05-03 02:25:57', '2017-05-03 02:25:57', '', 0, 'http://localhost:8080/shipper/?p=56', 0, 'post', '', 0),
(57, 1, '2017-05-03 02:25:57', '2017-05-03 02:25:57', 'Những lợi ích mà shipper mang lại\r\n\r\n', 'Những lợi ích', '', 'inherit', 'closed', 'closed', '', '56-revision-v1', '', '', '2017-05-03 02:25:57', '2017-05-03 02:25:57', '', 56, 'http://localhost:8080/shipper/2017/05/03/56-revision-v1/', 0, 'revision', '', 0),
(58, 1, '2017-05-03 02:26:39', '2017-05-03 02:26:39', 'Find shipper', 'Find shipper', '', 'publish', 'open', 'open', '', 'find-shipper', '', '', '2017-05-03 02:26:39', '2017-05-03 02:26:39', '', 0, 'http://localhost:8080/shipper/?p=58', 0, 'post', '', 0),
(59, 1, '2017-05-03 02:26:39', '2017-05-03 02:26:39', 'Find shipper', 'Find shipper', '', 'inherit', 'closed', 'closed', '', '58-revision-v1', '', '', '2017-05-03 02:26:39', '2017-05-03 02:26:39', '', 58, 'http://localhost:8080/shipper/2017/05/03/58-revision-v1/', 0, 'revision', '', 0),
(60, 1, '2017-05-03 02:26:49', '2017-05-03 02:26:49', 'Find oder', 'Find oder', '', 'publish', 'open', 'open', '', 'find-oder', '', '', '2017-05-03 02:26:49', '2017-05-03 02:26:49', '', 0, 'http://localhost:8080/shipper/?p=60', 0, 'post', '', 0),
(61, 1, '2017-05-03 02:26:49', '2017-05-03 02:26:49', 'Find oder', 'Find oder', '', 'inherit', 'closed', 'closed', '', '60-revision-v1', '', '', '2017-05-03 02:26:49', '2017-05-03 02:26:49', '', 60, 'http://localhost:8080/shipper/2017/05/03/60-revision-v1/', 0, 'revision', '', 0),
(62, 1, '2017-05-03 02:37:16', '2017-05-03 02:37:16', 'Dễ dàng theo rõi hành trình của shippre', 'shop1', '', 'publish', 'open', 'open', '', 'shop1', '', '', '2017-05-03 02:37:16', '2017-05-03 02:37:16', '', 0, 'http://localhost:8080/shipper/?p=62', 0, 'post', '', 0),
(63, 1, '2017-05-03 02:37:16', '2017-05-03 02:37:16', 'Dễ dàng theo rõi hành trình của shippre', 'shop1', '', 'inherit', 'closed', 'closed', '', '62-revision-v1', '', '', '2017-05-03 02:37:16', '2017-05-03 02:37:16', '', 62, 'http://localhost:8080/shipper/2017/05/03/62-revision-v1/', 0, 'revision', '', 0),
(64, 1, '2017-05-03 02:37:48', '2017-05-03 02:37:48', 'Tìm shipper gần nhất', 'shop2', '', 'publish', 'open', 'open', '', 'shop2', '', '', '2017-05-03 02:37:48', '2017-05-03 02:37:48', '', 0, 'http://localhost:8080/shipper/?p=64', 0, 'post', '', 0),
(65, 1, '2017-05-03 02:37:48', '2017-05-03 02:37:48', 'Tìm shipper gần nhất', 'shop2', '', 'inherit', 'closed', 'closed', '', '64-revision-v1', '', '', '2017-05-03 02:37:48', '2017-05-03 02:37:48', '', 64, 'http://localhost:8080/shipper/2017/05/03/64-revision-v1/', 0, 'revision', '', 0),
(66, 1, '2017-05-03 02:38:24', '2017-05-03 02:38:24', 'Chỉ cần một lần đăng nhập, bạn có thể theo dõi và lên kế hoạch vận chuyển cho tất cả đơn hàng', 'shop3', '', 'publish', 'open', 'open', '', 'shop3', '', '', '2017-05-03 02:38:24', '2017-05-03 02:38:24', '', 0, 'http://localhost:8080/shipper/?p=66', 0, 'post', '', 0),
(67, 1, '2017-05-03 02:38:24', '2017-05-03 02:38:24', 'Chỉ cần một lần đăng nhập, bạn có thể theo dõi và lên kế hoạch vận chuyển cho tất cả đơn hàng', 'shop3', '', 'inherit', 'closed', 'closed', '', '66-revision-v1', '', '', '2017-05-03 02:38:24', '2017-05-03 02:38:24', '', 66, 'http://localhost:8080/shipper/2017/05/03/66-revision-v1/', 0, 'revision', '', 0),
(68, 1, '2017-05-03 02:40:20', '2017-05-03 02:40:20', 'Với mạng lưới shop dày đặc toàn khu vực shipper có thể dễ dàng tìm kiếm shop phù hợp với lịch trình của mình', 'Shipper1', '', 'publish', 'open', 'open', '', 'shipper1', '', '', '2017-05-03 02:40:20', '2017-05-03 02:40:20', '', 0, 'http://localhost:8080/shipper/?p=68', 0, 'post', '', 0),
(69, 1, '2017-05-03 02:40:20', '2017-05-03 02:40:20', 'Với mạng lưới shop dày đặc toàn khu vực shipper có thể dễ dàng tìm kiếm shop phù hợp với lịch trình của mình', 'Shipper1', '', 'inherit', 'closed', 'closed', '', '68-revision-v1', '', '', '2017-05-03 02:40:20', '2017-05-03 02:40:20', '', 68, 'http://localhost:8080/shipper/2017/05/03/68-revision-v1/', 0, 'revision', '', 0),
(70, 1, '2017-05-03 02:40:50', '2017-05-03 02:40:50', 'Chỉ cần 1 lần đăng nhập, bạn có thể theo dõi và lên kế hoạch vận chuyển cho các đơn hàng', 'shipper2', '', 'publish', 'open', 'open', '', 'shipper2', '', '', '2017-05-03 02:40:50', '2017-05-03 02:40:50', '', 0, 'http://localhost:8080/shipper/?p=70', 0, 'post', '', 0),
(71, 1, '2017-05-03 02:40:50', '2017-05-03 02:40:50', 'Chỉ cần 1 lần đăng nhập, bạn có thể theo dõi và lên kế hoạch vận chuyển cho các đơn hàng', 'shipper2', '', 'inherit', 'closed', 'closed', '', '70-revision-v1', '', '', '2017-05-03 02:40:50', '2017-05-03 02:40:50', '', 70, 'http://localhost:8080/shipper/2017/05/03/70-revision-v1/', 0, 'revision', '', 0),
(72, 1, '2017-05-03 02:41:21', '2017-05-03 02:41:21', 'shipper giúp bạn thống kê thu nhập của mình 1 cách dễ dàng', 'shipper3', '', 'publish', 'open', 'open', '', 'shipper3', '', '', '2017-05-03 02:41:21', '2017-05-03 02:41:21', '', 0, 'http://localhost:8080/shipper/?p=72', 0, 'post', '', 0),
(73, 1, '2017-05-03 02:41:21', '2017-05-03 02:41:21', 'shipper giúp bạn thống kê thu nhập của mình 1 cách dễ dàng', 'shipper3', '', 'inherit', 'closed', 'closed', '', '72-revision-v1', '', '', '2017-05-03 02:41:21', '2017-05-03 02:41:21', '', 72, 'http://localhost:8080/shipper/2017/05/03/72-revision-v1/', 0, 'revision', '', 0),
(74, 1, '2017-05-03 02:50:25', '2017-05-03 02:50:25', 'Shipper mang đến những dịch vụ vận chuyển tối ưu cho mọi nhu cầu chuyển hàng của bạn', 'WHAT SERVICE ?', '', 'publish', 'open', 'open', '', 'what-service', '', '', '2017-05-03 02:50:25', '2017-05-03 02:50:25', '', 0, 'http://localhost:8080/shipper/?p=74', 0, 'post', '', 0),
(75, 1, '2017-05-03 02:50:25', '2017-05-03 02:50:25', 'Shipper mang đến những dịch vụ vận chuyển tối ưu cho mọi nhu cầu chuyển hàng của bạn', 'WHAT SERVICE ?', '', 'inherit', 'closed', 'closed', '', '74-revision-v1', '', '', '2017-05-03 02:50:25', '2017-05-03 02:50:25', '', 74, 'http://localhost:8080/shipper/2017/05/03/74-revision-v1/', 0, 'revision', '', 0),
(76, 1, '2017-05-03 02:53:22', '2017-05-03 02:53:22', '<p>Dịch vụ vận chuyển bằng xe<br />\r\n máy mang lại sự thuận tiện tối<br />\r\n ưu: Là phương tiện giao thông<br />\r\n chủ yếu trên các tuyến lộ.<br />\r\n Nhanh chóng vượt qua tình<br />\r\n trạng tắc đường. Giúp người<br />\r\n nhận hàng nhanh chóng có<br />\r\n hàng sau khi đơn hàng được<br />\r\n đặt 2h.</p>', 'Shipper Motor', '', 'publish', 'open', 'open', '', 'shipper-motor', '', '', '2017-05-03 07:17:55', '2017-05-03 07:17:55', '', 0, 'http://localhost:8080/shipper/?p=76', 0, 'post', '', 0),
(77, 1, '2017-05-03 02:53:22', '2017-05-03 02:53:22', 'Dịch vụ vận chuyển bằng xe \r\nmáy mang lại sự thuận tiện tối \r\nưu: Là phương tiện giao thông \r\nchủ yếu trên các tuyến lộ. \r\nNhanh chóng vượt qua tình \r\ntrạng tắc đường. Giúp người \r\nnhận hàng nhanh chóng có \r\nhàng sau khi đơn hàng được \r\nđặt 2h.', 'Shipper Motor', '', 'inherit', 'closed', 'closed', '', '76-revision-v1', '', '', '2017-05-03 02:53:22', '2017-05-03 02:53:22', '', 76, 'http://localhost:8080/shipper/2017/05/03/76-revision-v1/', 0, 'revision', '', 0),
(78, 1, '2017-05-03 02:53:43', '2017-05-03 02:53:43', '<h3>Shipper car</h3>\r\nDịch vụ vận chuyển bằng xe \r\nhàng giúp bạn vận chuyển \r\nnhững đơ hàng lớn hay cồng \r\nkềnh di chuyển trong thành \r\nphố đơn giản và nhanh chóng. \r\nVới mạng lưới xe tải chuyển \r\nhộ sẽ giúp bạn có giá thành \r\nvận chuyển tối ưu nhất.', 'Shipper car', '', 'publish', 'open', 'open', '', 'shipper-car', '', '', '2017-05-03 02:59:12', '2017-05-03 02:59:12', '', 0, 'http://localhost:8080/shipper/?p=78', 0, 'post', '', 0),
(79, 1, '2017-05-03 02:53:43', '2017-05-03 02:53:43', 'Dịch vụ vận chuyển bằng xe \r\nhàng giúp bạn vận chuyển \r\nnhững đơ hàng lớn hay cồng \r\nkềnh di chuyển trong thành \r\nphố đơn giản và nhanh chóng. \r\nVới mạng lưới xe tải chuyển \r\nhộ sẽ giúp bạn có giá thành \r\nvận chuyển tối ưu nhất.', 'Shipper car', '', 'inherit', 'closed', 'closed', '', '78-revision-v1', '', '', '2017-05-03 02:53:43', '2017-05-03 02:53:43', '', 78, 'http://localhost:8080/shipper/2017/05/03/78-revision-v1/', 0, 'revision', '', 0),
(80, 1, '2017-05-03 02:53:59', '2017-05-03 02:53:59', '<h3>Shipper other</h3>\r\nVới tỉ lệ hàng hóa lớn hay gọn \r\nnhẹ . cần ship xa với thời gian \r\nnhanh. Chúng tôi có thể bố trí \r\nmọi phương tiện phù hợp với \r\nnhu cầu của bạn. đảm bảo uy \r\ntín và chất lượng hàng hóa \r\nđến tay người tiêu dùng.', 'Shipper other', '', 'publish', 'open', 'open', '', 'shipper-other', '', '', '2017-05-03 02:59:34', '2017-05-03 02:59:34', '', 0, 'http://localhost:8080/shipper/?p=80', 0, 'post', '', 0),
(81, 1, '2017-05-03 02:53:59', '2017-05-03 02:53:59', 'Với tỉ lệ hàng hóa lớn hay gọn \r\nnhẹ . cần ship xa với thời gian \r\nnhanh. Chúng tôi có thể bố trí \r\nmọi phương tiện phù hợp với \r\nnhu cầu của bạn. đảm bảo uy \r\ntín và chất lượng hàng hóa \r\nđến tay người tiêu dùng.', 'Shipper other', '', 'inherit', 'closed', 'closed', '', '80-revision-v1', '', '', '2017-05-03 02:53:59', '2017-05-03 02:53:59', '', 80, 'http://localhost:8080/shipper/2017/05/03/80-revision-v1/', 0, 'revision', '', 0),
(82, 1, '2017-05-03 02:54:24', '0000-00-00 00:00:00', '', 'Lưu bản nháp tự động', '', 'auto-draft', 'open', 'open', '', '', '', '', '2017-05-03 02:54:24', '0000-00-00 00:00:00', '', 0, 'http://localhost:8080/shipper/?p=82', 0, 'post', '', 0),
(83, 1, '2017-05-03 02:54:40', '2017-05-03 02:54:40', '<h3>Everywhere</h3>\r\nTheo dõi mạng lưới vận\r\nchuyển của chúng tôi\r\ntrên toàn lãnh thổ.', 'Everywhere', '', 'publish', 'open', 'open', '', 'everywhere', '', '', '2017-05-03 02:58:11', '2017-05-03 02:58:11', '', 0, 'http://localhost:8080/shipper/?p=83', 0, 'post', '', 0),
(84, 1, '2017-05-03 02:54:40', '2017-05-03 02:54:40', 'Theo dõi mạng lưới vận \r\nchuyển của chúng tôi \r\ntrên toàn lãnh thổ.', 'Everywhere', '', 'inherit', 'closed', 'closed', '', '83-revision-v1', '', '', '2017-05-03 02:54:40', '2017-05-03 02:54:40', '', 83, 'http://localhost:8080/shipper/2017/05/03/83-revision-v1/', 0, 'revision', '', 0),
(85, 1, '2017-05-03 02:56:44', '2017-05-03 02:56:44', '<h3>\n\nTheo dõi mạng lưới vận \nchuyển của chúng tôi \ntrên toàn lãnh thổ.', 'Everywhere', '', 'inherit', 'closed', 'closed', '', '83-autosave-v1', '', '', '2017-05-03 02:56:44', '2017-05-03 02:56:44', '', 83, 'http://localhost:8080/shipper/2017/05/03/83-autosave-v1/', 0, 'revision', '', 0),
(86, 1, '2017-05-03 02:56:58', '2017-05-03 02:56:58', '<h3>Everywhere</h3>\r\n\r\nTheo dõi mạng lưới vận \r\nchuyển của chúng tôi \r\ntrên toàn lãnh thổ.', 'Everywhere', '', 'inherit', 'closed', 'closed', '', '83-revision-v1', '', '', '2017-05-03 02:56:58', '2017-05-03 02:56:58', '', 83, 'http://localhost:8080/shipper/2017/05/03/83-revision-v1/', 0, 'revision', '', 0),
(87, 1, '2017-05-03 02:57:18', '2017-05-03 02:57:18', '<h3>Everywhere</h3> <br>\r\nTheo dõi mạng lưới vận\r\nchuyển của chúng tôi\r\ntrên toàn lãnh thổ.', 'Everywhere', '', 'inherit', 'closed', 'closed', '', '83-revision-v1', '', '', '2017-05-03 02:57:18', '2017-05-03 02:57:18', '', 83, 'http://localhost:8080/shipper/2017/05/03/83-revision-v1/', 0, 'revision', '', 0),
(88, 1, '2017-05-03 02:57:58', '2017-05-03 02:57:58', '<h3>Everywhere &lt;br&gt;</h3>\r\nTheo dõi mạng lưới vận\r\nchuyển của chúng tôi\r\ntrên toàn lãnh thổ.', 'Everywhere', '', 'inherit', 'closed', 'closed', '', '83-revision-v1', '', '', '2017-05-03 02:57:58', '2017-05-03 02:57:58', '', 83, 'http://localhost:8080/shipper/2017/05/03/83-revision-v1/', 0, 'revision', '', 0),
(89, 1, '2017-05-03 02:58:11', '2017-05-03 02:58:11', '<h3>Everywhere</h3>\r\nTheo dõi mạng lưới vận\r\nchuyển của chúng tôi\r\ntrên toàn lãnh thổ.', 'Everywhere', '', 'inherit', 'closed', 'closed', '', '83-revision-v1', '', '', '2017-05-03 02:58:11', '2017-05-03 02:58:11', '', 83, 'http://localhost:8080/shipper/2017/05/03/83-revision-v1/', 0, 'revision', '', 0),
(90, 1, '2017-05-03 02:58:48', '2017-05-03 02:58:48', '<h3>Shipper Motor</h3>\r\nDịch vụ vận chuyển bằng xe\r\nmáy mang lại sự thuận tiện tối\r\nưu: Là phương tiện giao thông\r\nchủ yếu trên các tuyến lộ.\r\nNhanh chóng vượt qua tình\r\ntrạng tắc đường. Giúp người\r\nnhận hàng nhanh chóng có\r\nhàng sau khi đơn hàng được\r\nđặt 2h.', 'Shipper Motor', '', 'inherit', 'closed', 'closed', '', '76-revision-v1', '', '', '2017-05-03 02:58:48', '2017-05-03 02:58:48', '', 76, 'http://localhost:8080/shipper/2017/05/03/76-revision-v1/', 0, 'revision', '', 0),
(91, 1, '2017-05-03 02:59:12', '2017-05-03 02:59:12', '<h3>Shipper car</h3>\r\nDịch vụ vận chuyển bằng xe \r\nhàng giúp bạn vận chuyển \r\nnhững đơ hàng lớn hay cồng \r\nkềnh di chuyển trong thành \r\nphố đơn giản và nhanh chóng. \r\nVới mạng lưới xe tải chuyển \r\nhộ sẽ giúp bạn có giá thành \r\nvận chuyển tối ưu nhất.', 'Shipper car', '', 'inherit', 'closed', 'closed', '', '78-revision-v1', '', '', '2017-05-03 02:59:12', '2017-05-03 02:59:12', '', 78, 'http://localhost:8080/shipper/2017/05/03/78-revision-v1/', 0, 'revision', '', 0),
(92, 1, '2017-05-03 02:59:34', '2017-05-03 02:59:34', '<h3>Shipper other</h3>\r\nVới tỉ lệ hàng hóa lớn hay gọn \r\nnhẹ . cần ship xa với thời gian \r\nnhanh. Chúng tôi có thể bố trí \r\nmọi phương tiện phù hợp với \r\nnhu cầu của bạn. đảm bảo uy \r\ntín và chất lượng hàng hóa \r\nđến tay người tiêu dùng.', 'Shipper other', '', 'inherit', 'closed', 'closed', '', '80-revision-v1', '', '', '2017-05-03 02:59:34', '2017-05-03 02:59:34', '', 80, 'http://localhost:8080/shipper/2017/05/03/80-revision-v1/', 0, 'revision', '', 0),
(93, 1, '2017-05-03 03:07:50', '2017-05-03 03:07:50', '<p>Những tính năng nổi bật<br />\r\n của ứng dụng shipper</p>', 'Tính năng nổi bật', '', 'publish', 'open', 'open', '', 'tinh-nang-noi-bat', '', '', '2017-05-03 07:19:39', '2017-05-03 07:19:39', '', 0, 'http://localhost:8080/shipper/?p=93', 0, 'post', '', 0),
(94, 1, '2017-05-03 03:07:50', '2017-05-03 03:07:50', 'Những tính năng nổi bật \r\ncủa ứng dụng shipper', 'Tính năng nổi bật', '', 'inherit', 'closed', 'closed', '', '93-revision-v1', '', '', '2017-05-03 03:07:50', '2017-05-03 03:07:50', '', 93, 'http://localhost:8080/shipper/2017/05/03/93-revision-v1/', 0, 'revision', '', 0),
(95, 1, '2017-05-03 03:08:19', '2017-05-03 03:08:19', 'Những tính năng nổi bật \r\ncủa ứng dụng shipper', 'Tính năng nổi bật 2', '', 'publish', 'open', 'open', '', 'tinh-nang-noi-bat-2', '', '', '2017-05-03 03:09:35', '2017-05-03 03:09:35', '', 0, 'http://localhost:8080/shipper/?p=95', 0, 'post', '', 0),
(96, 1, '2017-05-03 03:08:19', '2017-05-03 03:08:19', 'Những tính năng nổi bật \r\ncủa ứng dụng shipper', 'Tính năng nổi bật', '', 'inherit', 'closed', 'closed', '', '95-revision-v1', '', '', '2017-05-03 03:08:19', '2017-05-03 03:08:19', '', 95, 'http://localhost:8080/shipper/2017/05/03/95-revision-v1/', 0, 'revision', '', 0),
(97, 1, '2017-05-03 03:08:50', '2017-05-03 03:08:50', 'Những tính năng nổi bật \r\ncủa ứng dụng shipper', 'Tính năng nổi bật3', '', 'publish', 'open', 'open', '', 'tinh-nang-noi-bat-3', '', '', '2017-05-03 03:08:58', '2017-05-03 03:08:58', '', 0, 'http://localhost:8080/shipper/?p=97', 0, 'post', '', 0),
(98, 1, '2017-05-03 03:08:50', '2017-05-03 03:08:50', 'Những tính năng nổi bật \r\ncủa ứng dụng shipper', 'Tính năng nổi bật', '', 'inherit', 'closed', 'closed', '', '97-revision-v1', '', '', '2017-05-03 03:08:50', '2017-05-03 03:08:50', '', 97, 'http://localhost:8080/shipper/2017/05/03/97-revision-v1/', 0, 'revision', '', 0),
(99, 1, '2017-05-03 03:08:58', '2017-05-03 03:08:58', 'Những tính năng nổi bật \r\ncủa ứng dụng shipper', 'Tính năng nổi bật3', '', 'inherit', 'closed', 'closed', '', '97-revision-v1', '', '', '2017-05-03 03:08:58', '2017-05-03 03:08:58', '', 97, 'http://localhost:8080/shipper/2017/05/03/97-revision-v1/', 0, 'revision', '', 0),
(100, 1, '2017-05-03 03:09:20', '2017-05-03 03:09:20', 'Những tính năng nổi bật \r\ncủa ứng dụng shipper', 'Tính năng nổi bật 4', '', 'publish', 'open', 'open', '', 'tinh-nang-noi-bat-4', '', '', '2017-05-03 03:09:25', '2017-05-03 03:09:25', '', 0, 'http://localhost:8080/shipper/?p=100', 0, 'post', '', 0),
(101, 1, '2017-05-03 03:09:20', '2017-05-03 03:09:20', '', 'Tính năng nổi bật 4', '', 'inherit', 'closed', 'closed', '', '100-revision-v1', '', '', '2017-05-03 03:09:20', '2017-05-03 03:09:20', '', 100, 'http://localhost:8080/shipper/2017/05/03/100-revision-v1/', 0, 'revision', '', 0),
(102, 1, '2017-05-03 03:09:25', '2017-05-03 03:09:25', 'Những tính năng nổi bật \r\ncủa ứng dụng shipper', 'Tính năng nổi bật 4', '', 'inherit', 'closed', 'closed', '', '100-revision-v1', '', '', '2017-05-03 03:09:25', '2017-05-03 03:09:25', '', 100, 'http://localhost:8080/shipper/2017/05/03/100-revision-v1/', 0, 'revision', '', 0),
(103, 1, '2017-05-03 03:09:35', '2017-05-03 03:09:35', 'Những tính năng nổi bật \r\ncủa ứng dụng shipper', 'Tính năng nổi bật 2', '', 'inherit', 'closed', 'closed', '', '95-revision-v1', '', '', '2017-05-03 03:09:35', '2017-05-03 03:09:35', '', 95, 'http://localhost:8080/shipper/2017/05/03/95-revision-v1/', 0, 'revision', '', 0),
(104, 1, '2017-05-03 03:11:17', '2017-05-03 03:11:17', '', 'dowload 2', '', 'publish', 'open', 'open', '', 'dowload-2', '', '', '2017-05-03 03:12:34', '2017-05-03 03:12:34', '', 0, 'http://localhost:8080/shipper/?p=104', 0, 'post', '', 0),
(105, 1, '2017-05-03 03:11:17', '2017-05-03 03:11:17', '', 'dowload 2', '', 'inherit', 'closed', 'closed', '', '104-revision-v1', '', '', '2017-05-03 03:11:17', '2017-05-03 03:11:17', '', 104, 'http://localhost:8080/shipper/2017/05/03/104-revision-v1/', 0, 'revision', '', 0),
(106, 1, '2017-05-03 03:11:34', '2017-05-03 03:11:34', '', 'dowload 3', '', 'publish', 'open', 'open', '', 'dowload-3', '', '', '2017-05-03 03:11:34', '2017-05-03 03:11:34', '', 0, 'http://localhost:8080/shipper/?p=106', 0, 'post', '', 0),
(107, 1, '2017-05-03 03:11:34', '2017-05-03 03:11:34', '', 'dowload 3', '', 'inherit', 'closed', 'closed', '', '106-revision-v1', '', '', '2017-05-03 03:11:34', '2017-05-03 03:11:34', '', 106, 'http://localhost:8080/shipper/2017/05/03/106-revision-v1/', 0, 'revision', '', 0),
(108, 1, '2017-05-03 03:11:56', '2017-05-03 03:11:56', '', 'dowload 4', '', 'publish', 'open', 'open', '', 'dowload-4', '', '', '2017-05-03 03:11:56', '2017-05-03 03:11:56', '', 0, 'http://localhost:8080/shipper/?p=108', 0, 'post', '', 0),
(109, 1, '2017-05-03 03:11:56', '2017-05-03 03:11:56', '', 'dowload 4', '', 'inherit', 'closed', 'closed', '', '108-revision-v1', '', '', '2017-05-03 03:11:56', '2017-05-03 03:11:56', '', 108, 'http://localhost:8080/shipper/2017/05/03/108-revision-v1/', 0, 'revision', '', 0),
(110, 1, '2017-05-03 03:15:16', '2017-05-03 03:15:16', 'Khám phá thế giới của shipper tại đây', 'Khám phá', '', 'publish', 'open', 'open', '', 'kham-pha', '', '', '2017-05-03 06:56:27', '2017-05-03 06:56:27', '', 0, 'http://localhost:8080/shipper/?p=110', 0, 'post', '', 0),
(111, 1, '2017-05-03 03:15:17', '2017-05-03 03:15:17', 'Khám phá thế giới của shipper tại đây', 'Khám phá', '', 'inherit', 'closed', 'closed', '', '110-revision-v1', '', '', '2017-05-03 03:15:17', '2017-05-03 03:15:17', '', 110, 'http://localhost:8080/shipper/2017/05/03/110-revision-v1/', 0, 'revision', '', 0),
(112, 1, '2017-05-03 03:21:45', '2017-05-03 03:21:45', '<p><i>Tháng Mười Hai 29, 2016</i><br />\r\n Grab ra mắt bản thử nghiệm chương trình "GrabRewards" Trên toàn Đông Nam Á</p>', 'Ứng dụng', '', 'publish', 'open', 'open', '', 'ung-dung', '', '', '2017-05-03 07:58:23', '2017-05-03 07:58:23', '', 0, 'http://localhost:8080/shipper/?p=112', 0, 'post', '', 0),
(113, 1, '2017-05-03 03:21:45', '2017-05-03 03:21:45', '<i>Tháng Mười Hai 29, 2016</i>\r\n\r\nGrab ra mắt bản thử nghiệm Chuwng trình "GrabRewards" Trên toàn Đông Nam Á', 'Ứng dụng', '', 'inherit', 'closed', 'closed', '', '112-revision-v1', '', '', '2017-05-03 03:21:45', '2017-05-03 03:21:45', '', 112, 'http://localhost:8080/shipper/2017/05/03/112-revision-v1/', 0, 'revision', '', 0),
(114, 1, '2017-05-03 03:25:13', '2017-05-03 03:25:13', '<i>Tháng Mười Hai 29, 2016</i> </br>\r\n\r\nGrab ra mắt bản thử nghiệm Chuwng trình "GrabRewards" Trên toàn Đông Nam Á', 'Ứng dụng', '', 'inherit', 'closed', 'closed', '', '112-revision-v1', '', '', '2017-05-03 03:25:13', '2017-05-03 03:25:13', '', 112, 'http://localhost:8080/shipper/2017/05/03/112-revision-v1/', 0, 'revision', '', 0),
(115, 1, '2017-05-03 03:28:55', '2017-05-03 03:28:55', '<i>Tháng Mười Hai 29, 2016</i> <br/>\r\nGrab ra mắt bản thử nghiệm chương', 'ứng', '', 'publish', 'open', 'open', '', 'ung', '', '', '2017-05-03 04:56:10', '2017-05-03 04:56:10', '', 0, 'http://localhost:8080/shipper/?p=115', 0, 'post', '', 0),
(116, 1, '2017-05-03 03:28:55', '2017-05-03 03:28:55', '<i>Tháng Mười Hai 29, 2016</i>\r\nGrab ra mắt bản thử nghiệm Chuwng trình “GrabRewards” Trên toàn Đông Nam Á', 'ứng', '', 'inherit', 'closed', 'closed', '', '115-revision-v1', '', '', '2017-05-03 03:28:55', '2017-05-03 03:28:55', '', 115, 'http://localhost:8080/shipper/2017/05/03/115-revision-v1/', 0, 'revision', '', 0),
(117, 1, '2017-05-03 03:32:14', '2017-05-03 03:32:14', '<i>Tháng Mười Hai 29, 2016</i>\r\nGrab ra mắt bản thử nghiệm Chuwng', 'ứng', '', 'inherit', 'closed', 'closed', '', '115-revision-v1', '', '', '2017-05-03 03:32:14', '2017-05-03 03:32:14', '', 115, 'http://localhost:8080/shipper/2017/05/03/115-revision-v1/', 0, 'revision', '', 0),
(118, 1, '2017-05-03 03:32:28', '2017-05-03 03:32:28', '<i>Tháng Mười Hai 29, 2016</i>\r\nGrab ra mắt bản thử nghiệm chương', 'ứng', '', 'inherit', 'closed', 'closed', '', '115-revision-v1', '', '', '2017-05-03 03:32:28', '2017-05-03 03:32:28', '', 115, 'http://localhost:8080/shipper/2017/05/03/115-revision-v1/', 0, 'revision', '', 0),
(119, 1, '2017-05-03 03:36:11', '2017-05-03 03:36:11', '<p><i>Tháng Mười Hai 29, 2016</i></p>\r\n<p>&nbsp;</p>\r\n<p>Grap ra mắt phiên bản thử nghiệm 0000</p>', 'công việc 1', '', 'publish', 'open', 'open', '', 'cong-viec-1', '', '', '2017-05-03 16:05:30', '2017-05-03 09:05:30', '', 0, 'http://localhost:8080/shipper/?p=119', 0, 'post', '', 0),
(120, 1, '2017-05-03 03:36:11', '2017-05-03 03:36:11', '<i>Tháng Mười Hai 29, 2016</i>\r\nGrap ra mắt phiên bản thử nghiệm', 'công việc 1', '', 'inherit', 'closed', 'closed', '', '119-revision-v1', '', '', '2017-05-03 03:36:11', '2017-05-03 03:36:11', '', 119, 'http://localhost:8080/shipper/2017/05/03/119-revision-v1/', 0, 'revision', '', 0),
(121, 1, '2017-05-03 03:36:58', '2017-05-03 03:36:58', '<p><i>Tháng Mười Hai 29, 2016</i><br />\r\n Grap ra mắt phiên bản thử nghiệm</p>', 'Công việc 2', '', 'publish', 'open', 'open', '', 'cong-viec-2', '', '', '2017-05-03 07:31:53', '2017-05-03 07:31:53', '', 0, 'http://localhost:8080/shipper/?p=121', 0, 'post', '', 0),
(122, 1, '2017-05-03 03:36:58', '2017-05-03 03:36:58', '<i>Tháng Mười Hai 29, 2016</i>\r\nGrap ra mắt phiên bản thử nghiệm', 'Công việc 2', '', 'inherit', 'closed', 'closed', '', '121-revision-v1', '', '', '2017-05-03 03:36:58', '2017-05-03 03:36:58', '', 121, 'http://localhost:8080/shipper/2017/05/03/121-revision-v1/', 0, 'revision', '', 0),
(123, 1, '2017-05-03 03:37:21', '2017-05-03 03:37:21', '<p><i>Tháng Mười Hai 29, 2016</i> <br />\r\nGrap ra mắt phiên bản thử nghiệm</p>', 'Công việc 3', '', 'publish', 'open', 'open', '', 'cong-viec-3', '', '', '2017-05-03 06:56:53', '2017-05-03 06:56:53', '', 0, 'http://localhost:8080/shipper/?p=123', 0, 'post', '', 0),
(124, 1, '2017-05-03 03:37:21', '2017-05-03 03:37:21', '<i>Tháng Mười Hai 29, 2016</i>\r\nGrap ra mắt phiên bản thử nghiệm', 'Công việc 3', '', 'inherit', 'closed', 'closed', '', '123-revision-v1', '', '', '2017-05-03 03:37:21', '2017-05-03 03:37:21', '', 123, 'http://localhost:8080/shipper/2017/05/03/123-revision-v1/', 0, 'revision', '', 0),
(125, 1, '2017-05-03 03:37:44', '2017-05-03 03:37:44', '<p><i>Tháng Mười Hai 29, 2016</i> <br />\r\nGrap ra mắt phiên bản thử nghiệm</p>', 'Công việc 4', '', 'publish', 'open', 'open', '', 'cong-viec-4', '', '', '2017-05-03 05:22:38', '2017-05-03 05:22:38', '', 0, 'http://localhost:8080/shipper/?p=125', 0, 'post', '', 0),
(126, 1, '2017-05-03 03:37:44', '2017-05-03 03:37:44', '<i>Tháng Mười Hai 29, 2016</i>\r\nGrap ra mắt phiên bản thử nghiệm', 'Công việc 4', '', 'inherit', 'closed', 'closed', '', '125-revision-v1', '', '', '2017-05-03 03:37:44', '2017-05-03 03:37:44', '', 125, 'http://localhost:8080/shipper/2017/05/03/125-revision-v1/', 0, 'revision', '', 0),
(127, 1, '2017-05-03 03:41:32', '2017-05-03 03:41:32', '', 'fb', '', 'publish', 'open', 'open', '', 'fb', '', '', '2017-05-03 03:41:32', '2017-05-03 03:41:32', '', 0, 'http://localhost:8080/shipper/?p=127', 0, 'post', '', 0),
(128, 1, '2017-05-03 03:41:32', '2017-05-03 03:41:32', '', 'fb', '', 'inherit', 'closed', 'closed', '', '127-revision-v1', '', '', '2017-05-03 03:41:32', '2017-05-03 03:41:32', '', 127, 'http://localhost:8080/shipper/2017/05/03/127-revision-v1/', 0, 'revision', '', 0),
(129, 1, '2017-05-03 03:41:59', '2017-05-03 03:41:59', '', 'tw', '', 'publish', 'open', 'open', '', 'tw', '', '', '2017-05-03 03:41:59', '2017-05-03 03:41:59', '', 0, 'http://localhost:8080/shipper/?p=129', 0, 'post', '', 0),
(130, 1, '2017-05-03 03:41:59', '2017-05-03 03:41:59', '', 'tw', '', 'inherit', 'closed', 'closed', '', '129-revision-v1', '', '', '2017-05-03 03:41:59', '2017-05-03 03:41:59', '', 129, 'http://localhost:8080/shipper/2017/05/03/129-revision-v1/', 0, 'revision', '', 0),
(131, 1, '2017-05-03 03:42:23', '2017-05-03 03:42:23', '', 'zl', '', 'publish', 'open', 'open', '', 'zl', '', '', '2017-05-03 03:42:23', '2017-05-03 03:42:23', '', 0, 'http://localhost:8080/shipper/?p=131', 0, 'post', '', 0),
(132, 1, '2017-05-03 03:42:23', '2017-05-03 03:42:23', '', 'zl', '', 'inherit', 'closed', 'closed', '', '131-revision-v1', '', '', '2017-05-03 03:42:23', '2017-05-03 03:42:23', '', 131, 'http://localhost:8080/shipper/2017/05/03/131-revision-v1/', 0, 'revision', '', 0),
(133, 1, '2017-05-03 03:42:59', '2017-05-03 03:42:59', 'share', 'share', '', 'publish', 'open', 'open', '', 'share', '', '', '2017-05-03 03:42:59', '2017-05-03 03:42:59', '', 0, 'http://localhost:8080/shipper/?p=133', 0, 'post', '', 0),
(134, 1, '2017-05-03 03:42:59', '2017-05-03 03:42:59', 'share', 'share', '', 'inherit', 'closed', 'closed', '', '133-revision-v1', '', '', '2017-05-03 03:42:59', '2017-05-03 03:42:59', '', 133, 'http://localhost:8080/shipper/2017/05/03/133-revision-v1/', 0, 'revision', '', 0),
(135, 1, '2017-05-03 03:55:30', '2017-05-03 03:55:30', '<h3>CÔNG TY</h3>\r\n<p><b>Về chúng tôi</b><br />\r\n Grab trên mặt báo<br />\r\n Blog <br />\r\n Tuyển dụng</p>', 'CÔNG TY', '', 'publish', 'open', 'open', '', 'cong-ty', '', '', '2017-05-03 06:56:14', '2017-05-03 06:56:14', '', 0, 'http://localhost:8080/shipper/?p=135', 0, 'post', '', 0),
(136, 1, '2017-05-03 03:55:30', '2017-05-03 03:55:30', '<h3>CÔNG TY</h3>\r\n<b>Về chúng tôi</b>\r\nGrab trên mặt báo\r\nBlog\r\nTuyển dụng', 'CÔNG TY', '', 'inherit', 'closed', 'closed', '', '135-revision-v1', '', '', '2017-05-03 03:55:30', '2017-05-03 03:55:30', '', 135, 'http://localhost:8080/shipper/2017/05/03/135-revision-v1/', 0, 'revision', '', 0),
(137, 1, '2017-05-03 03:56:08', '2017-05-03 03:56:08', '<h3>Các dịch vụ </h3>\r\nGrabTaxi \r\nGrabCar \r\nGrabBike \r\nGrapExpress', 'Các dịch vụ', '', 'publish', 'open', 'open', '', 'cac-dich-vu', '', '', '2017-05-03 03:56:08', '2017-05-03 03:56:08', '', 0, 'http://localhost:8080/shipper/?p=137', 0, 'post', '', 0),
(138, 1, '2017-05-03 03:56:08', '2017-05-03 03:56:08', '<h3>Các dịch vụ </h3>\r\nGrabTaxi \r\nGrabCar \r\nGrabBike \r\nGrapExpress', 'Các dịch vụ', '', 'inherit', 'closed', 'closed', '', '137-revision-v1', '', '', '2017-05-03 03:56:08', '2017-05-03 03:56:08', '', 137, 'http://localhost:8080/shipper/2017/05/03/137-revision-v1/', 0, 'revision', '', 0),
(139, 1, '2017-05-03 03:56:44', '2017-05-03 03:56:44', '<h3>DOANH NGHIỆP</h3>\r\nGrab for Work\r\nCơ hội hợp tác', 'DOANH NGHIỆP', '', 'publish', 'open', 'open', '', 'doanh-nghiep', '', '', '2017-05-03 03:56:44', '2017-05-03 03:56:44', '', 0, 'http://localhost:8080/shipper/?p=139', 0, 'post', '', 0),
(140, 1, '2017-05-03 03:56:44', '2017-05-03 03:56:44', '<h3>DOANH NGHIỆP</h3>\r\nGrab for Work\r\nCơ hội hợp tác', 'DOANH NGHIỆP', '', 'inherit', 'closed', 'closed', '', '139-revision-v1', '', '', '2017-05-03 03:56:44', '2017-05-03 03:56:44', '', 139, 'http://localhost:8080/shipper/2017/05/03/139-revision-v1/', 0, 'revision', '', 0),
(141, 1, '2017-05-03 03:57:23', '2017-05-03 03:57:23', '<h3>CHUYẾN ĐI</h3> <br>\r\nLái xe cùng Grap <br>\r\nAn toàn <br>\r\nHỗ trợ', 'CHUYẾN ĐI', '', 'publish', 'open', 'open', '', 'chuyen-di', '', '', '2017-05-03 05:22:12', '2017-05-03 05:22:12', '', 0, 'http://localhost:8080/shipper/?p=141', 0, 'post', '', 0),
(142, 1, '2017-05-03 03:57:23', '2017-05-03 03:57:23', '<h3>CHUYẾN ĐI</h3>\r\nLái xư cùng Grap\r\nAn toàn\r\nHỗ trợ', 'CHUYẾN ĐI', '', 'inherit', 'closed', 'closed', '', '141-revision-v1', '', '', '2017-05-03 03:57:23', '2017-05-03 03:57:23', '', 141, 'http://localhost:8080/shipper/2017/05/03/141-revision-v1/', 0, 'revision', '', 0),
(143, 1, '2017-05-03 03:58:08', '2017-05-03 03:58:08', '<h3>CHUYẾN ĐI</h3> <br>\r\nLái xư cùng Grap <br>\r\nAn toàn <br>\r\nHỗ trợ', 'CHUYẾN ĐI', '', 'inherit', 'closed', 'closed', '', '141-revision-v1', '', '', '2017-05-03 03:58:08', '2017-05-03 03:58:08', '', 141, 'http://localhost:8080/shipper/2017/05/03/141-revision-v1/', 0, 'revision', '', 0),
(144, 1, '2017-05-03 03:59:11', '2017-05-03 03:59:11', '<label> Họ vè tên (required)\r\n    [text* your-name] </label>\r\n\r\n<label> Email (required)\r\n    [email* your-email] </label>\r\n\r\n<label> Số điện thoại\r\n[text SDT] </label>\r\n\r\n[submit "Send"]\n1\nshipper "[your-subject]"\n[your-name] <mitbem2503@gmail.com>\nmitbem2503@gmail.com\nFrom: [your-name] <[your-email]>\r\nSubject: [your-subject]\r\n\r\nMessage Body:\r\n[your-message]\r\n\r\n-- \r\nThis e-mail was sent from a contact form on shipper (http://localhost:8080/shipper)\nReply-To: [your-email]\n\n\n\n\nshipper "[your-subject]"\nshipper <mitbem2503@gmail.com>\n[your-email]\nMessage Body:\r\n[your-message]\r\n\r\n-- \r\nThis e-mail was sent from a contact form on shipper (http://localhost:8080/shipper)\nReply-To: mitbem2503@gmail.com\n\n\n\nThank you for your message. It has been sent.\nThere was an error trying to send your message. Please try again later.\nOne or more fields have an error. Please check and try again.\nThere was an error trying to send your message. Please try again later.\nYou must accept the terms and conditions before sending your message.\nThe field is required.\nThe field is too long.\nThe field is too short.\nThe date format is incorrect.\nThe date is before the earliest one allowed.\nThe date is after the latest one allowed.\nThere was an unknown error uploading the file.\nYou are not allowed to upload files of this type.\nThe file is too big.\nThere was an error uploading the file.\nThe number format is invalid.\nThe number is smaller than the minimum allowed.\nThe number is larger than the maximum allowed.\nThe answer to the quiz is incorrect.\nYour entered code is incorrect.\nThe e-mail address entered is invalid.\nThe URL is invalid.\nThe telephone number is invalid.', 'Contact form 1', '', 'publish', 'closed', 'closed', '', 'contact-form-1', '', '', '2017-05-03 04:13:39', '2017-05-03 04:13:39', '', 0, 'http://localhost:8080/shipper/?post_type=wpcf7_contact_form&#038;p=144', 0, 'wpcf7_contact_form', '', 0),
(145, 1, '2017-05-03 04:01:09', '2017-05-03 04:01:09', '<p>Vui lòng điền đầy đủ thông tin và liên hệ với chúng tôi theo mẫu</p>\r\n<p>[contact-form-7 id="196" title="Liên Hệ"]</p>', 'Liên Hệ', '', 'publish', 'closed', 'closed', '', 'lien-he', '', '', '2017-05-03 08:19:30', '2017-05-03 08:19:30', '', 0, 'http://localhost:8080/shipper/?page_id=145', 0, 'page', '', 0),
(146, 1, '2017-05-03 04:01:09', '2017-05-03 04:01:09', '[contact-form-7 id="144" title="Contact form 1"]', 'Liên Hệ', '', 'inherit', 'closed', 'closed', '', '145-revision-v1', '', '', '2017-05-03 04:01:09', '2017-05-03 04:01:09', '', 145, 'http://localhost:8080/shipper/2017/05/03/145-revision-v1/', 0, 'revision', '', 0);
INSERT INTO `shpposts` (`ID`, `post_author`, `post_date`, `post_date_gmt`, `post_content`, `post_title`, `post_excerpt`, `post_status`, `comment_status`, `ping_status`, `post_password`, `post_name`, `to_ping`, `pinged`, `post_modified`, `post_modified_gmt`, `post_content_filtered`, `post_parent`, `guid`, `menu_order`, `post_type`, `post_mime_type`, `comment_count`) VALUES
(149, 1, '2017-05-03 04:16:49', '2017-05-03 04:16:49', ' ', '', '', 'publish', 'closed', 'closed', '', '149', '', '', '2017-05-03 08:22:57', '2017-05-03 08:22:57', '', 0, 'http://localhost:8080/shipper/?p=149', 1, 'nav_menu_item', '', 0),
(150, 1, '2017-05-03 04:32:15', '2017-05-03 04:32:15', '<p>Dịch vụ vận chuyển bằng xe<br />\r\n máy mang lại sự thuận tiện tối<br />\r\n ưu: Là phương tiện giao thông<br />\r\n chủ yếu trên các tuyến lộ.<br />\r\n Nhanh chóng vượt qua tình<br />\r\n trạng tắc đường. Giúp người<br />\r\n nhận hàng nhanh chóng có<br />\r\n hàng sau khi đơn hàng được<br />\r\n đặt 2h.</p>', 'Shipper Motor', '', 'publish', 'open', 'open', '', 'shipper-motor-2', '', '', '2017-05-03 07:18:50', '2017-05-03 07:18:50', '', 0, 'http://localhost:8080/shipper/?p=150', 0, 'post', '', 0),
(151, 1, '2017-05-03 04:32:15', '2017-05-03 04:32:15', '<h3>Shipper Motor</h3>\r\nDịch vụ vận chuyển bằng xe\r\nmáy mang lại sự thuận tiện tối\r\nưu: Là phương tiện giao thông\r\nchủ yếu trên các tuyến lộ.\r\nNhanh chóng vượt qua tình\r\ntrạng tắc đường. Giúp người\r\nnhận hàng nhanh chóng có\r\nhàng sau khi đơn hàng được\r\nđặt 2h.', 'Shipper Motor', '', 'inherit', 'closed', 'closed', '', '150-revision-v1', '', '', '2017-05-03 04:32:15', '2017-05-03 04:32:15', '', 150, 'http://localhost:8080/shipper/150-revision-v1/.html', 0, 'revision', '', 0),
(152, 1, '2017-05-03 04:35:05', '2017-05-03 04:35:05', '<p>Dịch vụ vận chuyển bằng xe<br />\r\n hàng giúp bạn vận chuyển<br />\r\n những đơ hàng lớn hay cồng<br />\r\n kềnh di chuyển trong thành<br />\r\n phố đơn giản và nhanh chóng.<br />\r\n Với mạng lưới xe tải chuyển<br />\r\n hộ sẽ giúp bạn có giá thành<br />\r\n vận chuyển tối ưu nhất.</p>', 'Shipper car', '', 'publish', 'open', 'open', '', 'shipper-car-2', '', '', '2017-05-03 07:18:09', '2017-05-03 07:18:09', '', 0, 'http://localhost:8080/shipper/?p=152', 0, 'post', '', 0),
(153, 1, '2017-05-03 04:35:05', '2017-05-03 04:35:05', '<h3> Shipper car </h3>\r\nDịch vụ vận chuyển bằng xe \r\nhàng giúp bạn vận chuyển \r\nnhững đơ hàng lớn hay cồng \r\nkềnh di chuyển trong thành \r\nphố đơn giản và nhanh chóng. \r\nVới mạng lưới xe tải chuyển \r\nhộ sẽ giúp bạn có giá thành \r\nvận chuyển tối ưu nhất.', 'Shipper car', '', 'inherit', 'closed', 'closed', '', '152-revision-v1', '', '', '2017-05-03 04:35:05', '2017-05-03 04:35:05', '', 152, 'http://localhost:8080/shipper/152-revision-v1/.html', 0, 'revision', '', 0),
(154, 1, '2017-05-03 04:35:42', '2017-05-03 04:35:42', '<p>Với tỉ lệ hàng hóa lớn hay gọn<br />\r\n nhẹ . cần ship xa với thời gian<br />\r\n nhanh. Chúng tôi có thể bố trí<br />\r\n mọi phương tiện phù hợp với<br />\r\n nhu cầu của bạn. đảm bảo uy<br />\r\n tín và chất lượng hàng hóa<br />\r\n đến tay người tiêu dùng.</p>', 'Shipper other', '', 'publish', 'open', 'open', '', 'shipper-other-2', '', '', '2017-05-03 15:40:21', '2017-05-03 08:40:21', '', 0, 'http://localhost:8080/shipper/?p=154', 0, 'post', '', 0),
(155, 1, '2017-05-03 04:35:42', '2017-05-03 04:35:42', '<h3> Shipper other </h3>\r\nVới tỉ lệ hàng hóa lớn hay gọn \r\nnhẹ . cần ship xa với thời gian \r\nnhanh. Chúng tôi có thể bố trí \r\nmọi phương tiện phù hợp với \r\nnhu cầu của bạn. đảm bảo uy \r\ntín và chất lượng hàng hóa \r\nđến tay người tiêu dùng.', 'Shipper other', '', 'inherit', 'closed', 'closed', '', '154-revision-v1', '', '', '2017-05-03 04:35:42', '2017-05-03 04:35:42', '', 154, 'http://localhost:8080/shipper/154-revision-v1/.html', 0, 'revision', '', 0),
(156, 1, '2017-05-03 04:38:11', '2017-05-03 04:38:11', '<p>Theo rõi mạng lưới vận</p>\r\n<p>chuyển của chúng tôi</p>\r\n<p>trên toàn lãnh thổ</p>', 'Everywhere', '', 'publish', 'open', 'open', '', 'everywhere-2', '', '', '2017-05-03 07:18:33', '2017-05-03 07:18:33', '', 0, 'http://localhost:8080/shipper/?p=156', 0, 'post', '', 0),
(157, 1, '2017-05-03 04:38:11', '2017-05-03 04:38:11', '<h3>&lt;h3&gt;Everywhere&lt;/h3&gt;</h3>\r\nTheo rõi mạng lưới vận\r\n\r\nchuyển của chúng tôi\r\n\r\ntrên toàn lãnh thổ\r\n\r\n&nbsp;\r\n\r\n&nbsp;', 'Everywhere', '', 'inherit', 'closed', 'closed', '', '156-revision-v1', '', '', '2017-05-03 04:38:11', '2017-05-03 04:38:11', '', 156, 'http://localhost:8080/shipper/156-revision-v1/.html', 0, 'revision', '', 0),
(158, 1, '2017-05-03 04:38:38', '2017-05-03 04:38:38', '<h3>Everywhere&lt</h3>\r\nTheo rõi mạng lưới vận\r\n\r\nchuyển của chúng tôi\r\n\r\ntrên toàn lãnh thổ\r\n\r\n', 'Everywhere', '', 'inherit', 'closed', 'closed', '', '156-revision-v1', '', '', '2017-05-03 04:38:38', '2017-05-03 04:38:38', '', 156, 'http://localhost:8080/shipper/156-revision-v1/.html', 0, 'revision', '', 0),
(159, 1, '2017-05-03 04:38:56', '2017-05-03 04:38:56', '<h3>Everywhere&amp</h3>\r\nTheo rõi mạng lưới vận\r\n\r\nchuyển của chúng tôi\r\n\r\ntrên toàn lãnh thổ', 'Everywhere', '', 'inherit', 'closed', 'closed', '', '156-revision-v1', '', '', '2017-05-03 04:38:56', '2017-05-03 04:38:56', '', 156, 'http://localhost:8080/shipper/156-revision-v1/.html', 0, 'revision', '', 0),
(160, 1, '2017-05-03 04:39:19', '2017-05-03 04:39:19', '<h3>Everywhere</h3>\r\nTheo rõi mạng lưới vận\r\n\r\nchuyển của chúng tôi\r\n\r\ntrên toàn lãnh thổ', 'Everywhere', '', 'inherit', 'closed', 'closed', '', '156-revision-v1', '', '', '2017-05-03 04:39:19', '2017-05-03 04:39:19', '', 156, 'http://localhost:8080/shipper/156-revision-v1/.html', 0, 'revision', '', 0),
(161, 1, '2017-05-03 04:54:38', '2017-05-03 04:54:38', '<p><i>Tháng Mười Hai 29, 2016</i> <br />\r\n Grab ra mắt bản thử nghiệm Chuwng trình "GrabRewards" Trên toàn Đông Nam Á</p>', 'Ứng dụng', '', 'inherit', 'closed', 'closed', '', '112-revision-v1', '', '', '2017-05-03 04:54:38', '2017-05-03 04:54:38', '', 112, 'http://localhost:8080/shipper/112-revision-v1/.html', 0, 'revision', '', 0),
(162, 1, '2017-05-03 04:54:51', '2017-05-03 04:54:51', '<i>Tháng Mười Hai 29, 2016</i> <br />\r\n Grab ra mắt bản thử nghiệm Chuwng trình "GrabRewards" Trên toàn Đông Nam Á', 'Ứng dụng', '', 'inherit', 'closed', 'closed', '', '112-revision-v1', '', '', '2017-05-03 04:54:51', '2017-05-03 04:54:51', '', 112, 'http://localhost:8080/shipper/112-revision-v1/.html', 0, 'revision', '', 0),
(163, 1, '2017-05-03 04:55:53', '2017-05-03 04:55:53', '<p><i>Tháng Mười Hai 29, 2016</i> <br />\r\n Grab ra mắt bản thử nghiệm Chuwng trình "GrabRewards" Trên toàn Đông Nam Á</p>', 'Ứng dụng', '', 'inherit', 'closed', 'closed', '', '112-revision-v1', '', '', '2017-05-03 04:55:53', '2017-05-03 04:55:53', '', 112, 'http://localhost:8080/shipper/112-revision-v1/.html', 0, 'revision', '', 0),
(164, 1, '2017-05-03 04:56:10', '2017-05-03 04:56:10', '<i>Tháng Mười Hai 29, 2016</i> <br/>\r\nGrab ra mắt bản thử nghiệm chương', 'ứng', '', 'inherit', 'closed', 'closed', '', '115-revision-v1', '', '', '2017-05-03 04:56:10', '2017-05-03 04:56:10', '', 115, 'http://localhost:8080/shipper/115-revision-v1/.html', 0, 'revision', '', 0),
(165, 1, '2017-05-03 04:56:26', '2017-05-03 04:56:26', '<i>Tháng Mười Hai 29, 2016</i> <br/>\r\nGrap ra mắt phiên bản thử nghiệm', 'công việc 1', '', 'inherit', 'closed', 'closed', '', '119-revision-v1', '', '', '2017-05-03 04:56:26', '2017-05-03 04:56:26', '', 119, 'http://localhost:8080/shipper/119-revision-v1/.html', 0, 'revision', '', 0),
(166, 1, '2017-05-03 04:56:42', '2017-05-03 04:56:42', '<i>Tháng Mười Hai 29, 2016</i> <br/>\r\nGrap ra mắt phiên bản thử nghiệm', 'Công việc 2', '', 'inherit', 'closed', 'closed', '', '121-revision-v1', '', '', '2017-05-03 04:56:42', '2017-05-03 04:56:42', '', 121, 'http://localhost:8080/shipper/121-revision-v1/.html', 0, 'revision', '', 0),
(167, 1, '2017-05-03 04:57:00', '2017-05-03 04:57:00', '<i>Tháng Mười Hai 29, 2016</i> <br/>\r\nGrap ra mắt phiên bản thử nghiệm', 'Công việc 3', '', 'inherit', 'closed', 'closed', '', '123-revision-v1', '', '', '2017-05-03 04:57:00', '2017-05-03 04:57:00', '', 123, 'http://localhost:8080/shipper/123-revision-v1/.html', 0, 'revision', '', 0),
(168, 1, '2017-05-03 04:57:13', '2017-05-03 04:57:13', '<i>Tháng Mười Hai 29, 2016</i> <br/>\r\nGrap ra mắt phiên bản thử nghiệm', 'Công việc 4', '', 'inherit', 'closed', 'closed', '', '125-revision-v1', '', '', '2017-05-03 04:57:13', '2017-05-03 04:57:13', '', 125, 'http://localhost:8080/shipper/125-revision-v1/.html', 0, 'revision', '', 0),
(169, 1, '2017-05-03 05:13:42', '2017-05-03 05:13:42', '', 'dfhdf', '', 'trash', 'open', 'open', '', '__trashed', '', '', '2017-05-03 05:20:15', '2017-05-03 05:20:15', '', 0, 'http://localhost:8080/shipper/?p=169', 0, 'post', '', 0),
(170, 1, '2017-05-03 05:14:24', '2017-05-03 05:14:24', '<p><i>Tháng Mười Hai 29, 2016</i> <br />\r\n Grab ra mắt bản thử nghiệm chương trình "GrabRewards" Trên toàn Đông Nam Á</p>', 'Ứng dụng', '', 'inherit', 'closed', 'closed', '', '112-revision-v1', '', '', '2017-05-03 05:14:24', '2017-05-03 05:14:24', '', 112, 'http://localhost:8080/shipper/112-revision-v1/.html', 0, 'revision', '', 0),
(171, 1, '2017-05-03 05:20:06', '2017-05-03 05:20:06', '<h3>Shipper Motor</h3>\r\n<p>Dịch vụ vận chuyển bằng xe<br />\r\n máy mang lại sự thuận tiện tối<br />\r\n ưu: Là phương tiện giao thông<br />\r\n chủ yếu trên các tuyến lộ.<br />\r\n Nhanh chóng vượt qua tình<br />\r\n trạng tắc đường. Giúp người<br />\r\n nhận hàng nhanh chóng có<br />\r\n hàng sau khi đơn hàng được<br />\r\n đặt 2h.</p>', 'Shipper Motor', '', 'inherit', 'closed', 'closed', '', '150-revision-v1', '', '', '2017-05-03 05:20:06', '2017-05-03 05:20:06', '', 150, 'http://localhost:8080/shipper/150-revision-v1/.html', 0, 'revision', '', 0),
(172, 1, '2017-05-03 05:20:15', '2017-05-03 05:20:15', '', 'dfhdf', '', 'inherit', 'closed', 'closed', '', '169-revision-v1', '', '', '2017-05-03 05:20:15', '2017-05-03 05:20:15', '', 169, 'http://localhost:8080/shipper/169-revision-v1/.html', 0, 'revision', '', 0),
(173, 1, '2017-05-03 05:20:27', '2017-05-03 05:20:27', '<h3>Shipper car</h3>\r\n<p>Dịch vụ vận chuyển bằng xe<br />\r\n hàng giúp bạn vận chuyển<br />\r\n những đơ hàng lớn hay cồng<br />\r\n kềnh di chuyển trong thành<br />\r\n phố đơn giản và nhanh chóng.<br />\r\n Với mạng lưới xe tải chuyển<br />\r\n hộ sẽ giúp bạn có giá thành<br />\r\n vận chuyển tối ưu nhất.</p>', 'Shipper car', '', 'inherit', 'closed', 'closed', '', '152-revision-v1', '', '', '2017-05-03 05:20:27', '2017-05-03 05:20:27', '', 152, 'http://localhost:8080/shipper/152-revision-v1/.html', 0, 'revision', '', 0),
(174, 1, '2017-05-03 05:20:40', '2017-05-03 05:20:40', '<h3>Shipper other</h3>\r\n<p>Với tỉ lệ hàng hóa lớn hay gọn<br />\r\n nhẹ . cần ship xa với thời gian<br />\r\n nhanh. Chúng tôi có thể bố trí<br />\r\n mọi phương tiện phù hợp với<br />\r\n nhu cầu của bạn. đảm bảo uy<br />\r\n tín và chất lượng hàng hóa<br />\r\n đến tay người tiêu dùng.</p>', 'Shipper other', '', 'inherit', 'closed', 'closed', '', '154-revision-v1', '', '', '2017-05-03 05:20:40', '2017-05-03 05:20:40', '', 154, 'http://localhost:8080/shipper/154-revision-v1/.html', 0, 'revision', '', 0),
(175, 1, '2017-05-03 05:21:18', '2017-05-03 05:21:18', '<h3>Everywhere</h3>\r\n<p>Theo rõi mạng lưới vận</p>\r\n<p>chuyển của chúng tôi</p>\r\n<p>trên toàn lãnh thổ</p>', 'Everywhere', '', 'inherit', 'closed', 'closed', '', '156-revision-v1', '', '', '2017-05-03 05:21:18', '2017-05-03 05:21:18', '', 156, 'http://localhost:8080/shipper/156-revision-v1/.html', 0, 'revision', '', 0),
(176, 1, '2017-05-03 05:21:59', '2017-05-03 05:21:59', '<h3>CHUYẾN ĐI</h3> <br>\r\nLái xe cùng Grap <br>\r\nAn toàn <br>\r\nHỗ trợ', 'CHUYẾN ĐI', '', 'inherit', 'closed', 'closed', '', '141-revision-v1', '', '', '2017-05-03 05:21:59', '2017-05-03 05:21:59', '', 141, 'http://localhost:8080/shipper/141-revision-v1/.html', 0, 'revision', '', 0),
(177, 1, '2017-05-03 05:22:29', '2017-05-03 05:22:29', '<p><i>Tháng Mười Hai 29, 2016</i> <br />\r\nGrap ra mắt phiên bản thử nghiệm</p>', 'Công việc 4', '', 'inherit', 'closed', 'closed', '', '125-revision-v1', '', '', '2017-05-03 05:22:29', '2017-05-03 05:22:29', '', 125, 'http://localhost:8080/shipper/125-revision-v1/.html', 0, 'revision', '', 0),
(178, 1, '2017-05-03 05:22:52', '2017-05-03 05:22:52', '<p><i>Tháng Mười Hai 29, 2016</i> <br />\r\nGrap ra mắt phiên bản thử nghiệm</p>', 'Công việc 2', '', 'inherit', 'closed', 'closed', '', '121-revision-v1', '', '', '2017-05-03 05:22:52', '2017-05-03 05:22:52', '', 121, 'http://localhost:8080/shipper/121-revision-v1/.html', 0, 'revision', '', 0),
(179, 1, '2017-05-03 06:34:19', '0000-00-00 00:00:00', '', 'Lưu bản nháp tự động', '', 'auto-draft', 'open', 'open', '', '', '', '', '2017-05-03 06:34:19', '0000-00-00 00:00:00', '', 0, 'http://localhost:8080/shipper/?p=179', 0, 'post', '', 0),
(180, 1, '2017-05-03 06:37:34', '0000-00-00 00:00:00', '', 'Lưu bản nháp tự động', '', 'auto-draft', 'open', 'open', '', '', '', '', '2017-05-03 06:37:34', '0000-00-00 00:00:00', '', 0, 'http://localhost:8080/shipper/?p=180', 0, 'post', '', 0),
(181, 1, '2017-05-03 06:56:14', '2017-05-03 06:56:14', '<h3>CÔNG TY</h3>\r\n<p><b>Về chúng tôi</b><br />\r\n Grab trên mặt báo<br />\r\n Blog <br />\r\n Tuyển dụng</p>', 'CÔNG TY', '', 'inherit', 'closed', 'closed', '', '135-revision-v1', '', '', '2017-05-03 06:56:14', '2017-05-03 06:56:14', '', 135, 'http://localhost:8080/shipper/135-revision-v1/.html', 0, 'revision', '', 0),
(182, 1, '2017-05-03 06:56:53', '2017-05-03 06:56:53', '<p><i>Tháng Mười Hai 29, 2016</i> <br />\r\nGrap ra mắt phiên bản thử nghiệm</p>', 'Công việc 3', '', 'inherit', 'closed', 'closed', '', '123-revision-v1', '', '', '2017-05-03 06:56:53', '2017-05-03 06:56:53', '', 123, 'http://localhost:8080/shipper/123-revision-v1/.html', 0, 'revision', '', 0),
(184, 1, '2017-05-03 07:12:07', '2017-05-03 07:12:07', '<h3>Shipper Motor</h3>\r\n<p>Dịch vụ vận chuyển bằng xe<br />\r\n máy mang lại sự thuận tiện tối<br />\r\n ưu: Là phương tiện giao thông<br />\r\n chủ yếu trên các tuyến lộ.<br />\r\n Nhanh chóng vượt qua tình<br />\r\n trạng tắc đường. Giúp người<br />\r\n nhận hàng nhanh chóng có<br />\r\n hàng sau khi đơn hàng được<br />\r\n đặt 2h.</p>', 'Shipper Motor', '', 'inherit', 'closed', 'closed', '', '76-revision-v1', '', '', '2017-05-03 07:12:07', '2017-05-03 07:12:07', '', 76, 'http://localhost:8080/shipper/76-revision-v1/.html', 0, 'revision', '', 0),
(185, 1, '2017-05-03 07:12:38', '2017-05-03 07:12:38', '<h3>Shipper Motor</h3> <br />\r\n<p>Dịch vụ vận chuyển bằng xe<br />\r\n máy mang lại sự thuận tiện tối<br />\r\n ưu: Là phương tiện giao thông<br />\r\n chủ yếu trên các tuyến lộ.<br />\r\n Nhanh chóng vượt qua tình<br />\r\n trạng tắc đường. Giúp người<br />\r\n nhận hàng nhanh chóng có<br />\r\n hàng sau khi đơn hàng được<br />\r\n đặt 2h.</p>', 'Shipper Motor', '', 'inherit', 'closed', 'closed', '', '76-revision-v1', '', '', '2017-05-03 07:12:38', '2017-05-03 07:12:38', '', 76, 'http://localhost:8080/shipper/76-revision-v1/.html', 0, 'revision', '', 0),
(186, 1, '2017-05-03 07:17:55', '2017-05-03 07:17:55', '<p>Dịch vụ vận chuyển bằng xe<br />\r\n máy mang lại sự thuận tiện tối<br />\r\n ưu: Là phương tiện giao thông<br />\r\n chủ yếu trên các tuyến lộ.<br />\r\n Nhanh chóng vượt qua tình<br />\r\n trạng tắc đường. Giúp người<br />\r\n nhận hàng nhanh chóng có<br />\r\n hàng sau khi đơn hàng được<br />\r\n đặt 2h.</p>', 'Shipper Motor', '', 'inherit', 'closed', 'closed', '', '76-revision-v1', '', '', '2017-05-03 07:17:55', '2017-05-03 07:17:55', '', 76, 'http://localhost:8080/shipper/76-revision-v1/.html', 0, 'revision', '', 0),
(187, 1, '2017-05-03 07:18:09', '2017-05-03 07:18:09', '<p>Dịch vụ vận chuyển bằng xe<br />\r\n hàng giúp bạn vận chuyển<br />\r\n những đơ hàng lớn hay cồng<br />\r\n kềnh di chuyển trong thành<br />\r\n phố đơn giản và nhanh chóng.<br />\r\n Với mạng lưới xe tải chuyển<br />\r\n hộ sẽ giúp bạn có giá thành<br />\r\n vận chuyển tối ưu nhất.</p>', 'Shipper car', '', 'inherit', 'closed', 'closed', '', '152-revision-v1', '', '', '2017-05-03 07:18:09', '2017-05-03 07:18:09', '', 152, 'http://localhost:8080/shipper/152-revision-v1/.html', 0, 'revision', '', 0),
(188, 1, '2017-05-03 07:18:21', '2017-05-03 07:18:21', '<p>Với tỉ lệ hàng hóa lớn hay gọn<br />\r\n nhẹ . cần ship xa với thời gian<br />\r\n nhanh. Chúng tôi có thể bố trí<br />\r\n mọi phương tiện phù hợp với<br />\r\n nhu cầu của bạn. đảm bảo uy<br />\r\n tín và chất lượng hàng hóa<br />\r\n đến tay người tiêu dùng.</p>', 'Shipper other', '', 'inherit', 'closed', 'closed', '', '154-revision-v1', '', '', '2017-05-03 07:18:21', '2017-05-03 07:18:21', '', 154, 'http://localhost:8080/shipper/154-revision-v1/.html', 0, 'revision', '', 0),
(189, 1, '2017-05-03 07:18:33', '2017-05-03 07:18:33', '<p>Theo rõi mạng lưới vận</p>\r\n<p>chuyển của chúng tôi</p>\r\n<p>trên toàn lãnh thổ</p>', 'Everywhere', '', 'inherit', 'closed', 'closed', '', '156-revision-v1', '', '', '2017-05-03 07:18:33', '2017-05-03 07:18:33', '', 156, 'http://localhost:8080/shipper/156-revision-v1/.html', 0, 'revision', '', 0),
(190, 1, '2017-05-03 07:18:50', '2017-05-03 07:18:50', '<p>Dịch vụ vận chuyển bằng xe<br />\r\n máy mang lại sự thuận tiện tối<br />\r\n ưu: Là phương tiện giao thông<br />\r\n chủ yếu trên các tuyến lộ.<br />\r\n Nhanh chóng vượt qua tình<br />\r\n trạng tắc đường. Giúp người<br />\r\n nhận hàng nhanh chóng có<br />\r\n hàng sau khi đơn hàng được<br />\r\n đặt 2h.</p>', 'Shipper Motor', '', 'inherit', 'closed', 'closed', '', '150-revision-v1', '', '', '2017-05-03 07:18:50', '2017-05-03 07:18:50', '', 150, 'http://localhost:8080/shipper/150-revision-v1/.html', 0, 'revision', '', 0),
(191, 1, '2017-05-03 07:19:39', '2017-05-03 07:19:39', '<p>Những tính năng nổi bật<br />\r\n của ứng dụng shipper</p>', 'Tính năng nổi bật', '', 'inherit', 'closed', 'closed', '', '93-revision-v1', '', '', '2017-05-03 07:19:39', '2017-05-03 07:19:39', '', 93, 'http://localhost:8080/shipper/93-revision-v1/.html', 0, 'revision', '', 0),
(192, 1, '2017-05-03 07:30:34', '2017-05-03 07:30:34', '<i>Tháng Mười Hai 29, 2016</i>\r\nGrap ra mắt phiên bản thử nghiệm', 'Công việc 2', '', 'inherit', 'closed', 'closed', '', '121-revision-v1', '', '', '2017-05-03 07:30:34', '2017-05-03 07:30:34', '', 121, 'http://localhost:8080/shipper/khong-phan-loai/121-revision-v1.html', 0, 'revision', '', 0),
(193, 1, '2017-05-03 07:31:53', '2017-05-03 07:31:53', '<p><i>Tháng Mười Hai 29, 2016</i><br />\r\n Grap ra mắt phiên bản thử nghiệm</p>', 'Công việc 2', '', 'inherit', 'closed', 'closed', '', '121-revision-v1', '', '', '2017-05-03 07:31:53', '2017-05-03 07:31:53', '', 121, 'http://localhost:8080/shipper/khong-phan-loai/121-revision-v1.html', 0, 'revision', '', 0),
(194, 1, '2017-05-03 07:39:15', '2017-05-03 07:39:15', '<i>Tháng Mười Hai 29, 2016</i>\r\nGrab ra mắt bản thử nghiệm chương trình "GrabRewards" Trên toàn Đông Nam Á', 'Ứng dụng', '', 'inherit', 'closed', 'closed', '', '112-revision-v1', '', '', '2017-05-03 07:39:15', '2017-05-03 07:39:15', '', 112, 'http://localhost:8080/shipper/khong-phan-loai/112-revision-v1.html', 0, 'revision', '', 0),
(195, 1, '2017-05-03 07:47:18', '2017-05-03 07:47:18', '<p><i>Tháng Mười Hai 29, 2016</i><br />\r\n Grab ra mắt bản thử nghiệm chương trình "GrabRewards" Trên toàn Đông Nam Á</p>', 'Ứng dụng', '', 'inherit', 'closed', 'closed', '', '112-revision-v1', '', '', '2017-05-03 07:47:18', '2017-05-03 07:47:18', '', 112, 'http://localhost:8080/shipper/khong-phan-loai/112-revision-v1.html', 0, 'revision', '', 0),
(196, 1, '2017-05-03 08:10:45', '2017-05-03 08:10:45', '<label> Họ tên <font color = "red">(*)</fort>(required)\r\n    [text* ho-ten] </label>\r\n\r\n<label> Email <font color = "red">(*)</fort>(required)\r\n    [email* email] </label>\r\n\r\n<label> Số điện thoại <font color = "red">(*)</fort>(required)\r\n    [text so-dien-thoai] </label>\r\n\r\n<label> Tin nhắn của bạn <font color = "red">(*)</fort>\r\n    [text tin-nhan-cua-ban] </label>\r\n\r\n[submit "Send"]\n1\nLiên hệ: "[your-subject]"\n[your-name] <mitbem2503@gmail.com>\nmitbem2503@gmail.com\nFrom: [your-name] <[your-email]>\r\nSubject: [your-subject]\r\n\r\nHọ tên:[ho-ten]\r\nEmail:[email]\r\nSĐT:[so-dien-thoai]\r\nTin nhắn: [tin-nhan-cua-ban]\r\nMessage Body:\r\n[your-message]\r\n\r\n-- \r\nLiên hệ được gửi (http://localhost:8080/shipper)\nReply-To: [your-email]\n\n\n\n\nshipper "[your-subject]"\nshipper <mitbem2503@gmail.com>\n[your-email]\nMessage Body:\r\n[your-message]\r\n\r\n-- \r\nThis e-mail was sent from a contact form on shipper (http://localhost:8080/shipper)\nReply-To: mitbem2503@gmail.com\n\n\n\nThank you for your message. It has been sent.\nThere was an error trying to send your message. Please try again later.\nOne or more fields have an error. Please check and try again.\nThere was an error trying to send your message. Please try again later.\nYou must accept the terms and conditions before sending your message.\nThe field is required.\nThe field is too long.\nThe field is too short.\nThe date format is incorrect.\nThe date is before the earliest one allowed.\nThe date is after the latest one allowed.\nThere was an unknown error uploading the file.\nYou are not allowed to upload files of this type.\nThe file is too big.\nThere was an error uploading the file.\nThe number format is invalid.\nThe number is smaller than the minimum allowed.\nThe number is larger than the maximum allowed.\nThe answer to the quiz is incorrect.\nYour entered code is incorrect.\nThe e-mail address entered is invalid.\nThe URL is invalid.\nThe telephone number is invalid.', 'Liên Hệ', '', 'publish', 'closed', 'closed', '', 'lien-he', '', '', '2017-05-03 08:15:56', '2017-05-03 08:15:56', '', 0, 'http://localhost:8080/shipper/?post_type=wpcf7_contact_form&#038;p=196', 0, 'wpcf7_contact_form', '', 0),
(197, 1, '2017-05-03 08:18:07', '2017-05-03 08:18:07', '<p>Vui lòng điền đầy đủ thông tin và liên hệ với chúng tôi theo mẫu</p>\n<p>[contact-form-7 id="196" title="Liên Hệ"]</p>', 'Liên Hệ', '', 'inherit', 'closed', 'closed', '', '145-autosave-v1', '', '', '2017-05-03 08:18:07', '2017-05-03 08:18:07', '', 145, 'http://localhost:8080/shipper/khong-phan-loai/145-autosave-v1.html', 0, 'revision', '', 0),
(198, 1, '2017-05-03 08:18:13', '2017-05-03 08:18:13', '<p>Vui lòng điền đầy đủ thông tin và liên hệ với chúng tôi theo mẫu</p>\r\n<p>[contact-form-7 id="196" title="Liên Hệ"]</p>', 'Liên Hệ', '', 'inherit', 'closed', 'closed', '', '145-revision-v1', '', '', '2017-05-03 08:18:13', '2017-05-03 08:18:13', '', 145, 'http://localhost:8080/shipper/khong-phan-loai/145-revision-v1.html', 0, 'revision', '', 0),
(199, 1, '2017-05-03 08:22:57', '2017-05-03 08:22:57', ' ', '', '', 'publish', 'closed', 'closed', '', '199', '', '', '2017-05-03 08:22:57', '2017-05-03 08:22:57', '', 0, 'http://localhost:8080/shipper/?p=199', 2, 'nav_menu_item', '', 0),
(200, 1, '2017-05-03 15:37:31', '2017-05-03 08:37:31', '<p><i>Tháng Mười Hai 29, 2016</i> <br />\r\nGrap ra mắt phiên bản thử nghiệm</p>', 'công việc 1', '', 'inherit', 'closed', 'closed', '', '119-revision-v1', '', '', '2017-05-03 15:37:31', '2017-05-03 08:37:31', '', 119, 'http://localhost:8080/shipper/khong-phan-loai/119-revision-v1.html', 0, 'revision', '', 0),
(201, 1, '2017-05-03 15:38:19', '2017-05-03 08:38:19', '<p><i>Tháng Mười Hai 29, 2016</i> <br /></p>\r\n<p>Grap ra mắt phiên bản thử nghiệm</p>', 'công việc 1', '', 'inherit', 'closed', 'closed', '', '119-revision-v1', '', '', '2017-05-03 15:38:19', '2017-05-03 08:38:19', '', 119, 'http://localhost:8080/shipper/khong-phan-loai/119-revision-v1.html', 0, 'revision', '', 0),
(202, 1, '2017-05-03 15:38:54', '2017-05-03 08:38:54', '<p><i>Tháng Mười Hai 29, 2016</i>\r\nGrap ra mắt phiên bản thử nghiệm</p>', 'công việc 1', '', 'inherit', 'closed', 'closed', '', '119-revision-v1', '', '', '2017-05-03 15:38:54', '2017-05-03 08:38:54', '', 119, 'http://localhost:8080/shipper/khong-phan-loai/119-revision-v1.html', 0, 'revision', '', 0),
(203, 1, '2017-05-03 15:39:37', '2017-05-03 08:39:37', '<p><i>Tháng Mười Hai 29, 2016</i> <br />\r\n Grap ra mắt phiên bản thử nghiệm</p>', 'công việc 1', '', 'inherit', 'closed', 'closed', '', '119-revision-v1', '', '', '2017-05-03 15:39:37', '2017-05-03 08:39:37', '', 119, 'http://localhost:8080/shipper/khong-phan-loai/119-revision-v1.html', 0, 'revision', '', 0),
(204, 1, '2017-05-03 15:42:16', '0000-00-00 00:00:00', '', 'Công viêc', '', 'draft', 'open', 'open', '', '', '', '', '2017-05-03 15:42:16', '2017-05-03 08:42:16', '', 0, 'http://localhost:8080/shipper/?p=204', 0, 'post', '', 0),
(205, 1, '2017-05-03 16:00:42', '0000-00-00 00:00:00', '', 'Lưu bản nháp tự động', '', 'auto-draft', 'open', 'open', '', '', '', '', '2017-05-03 16:00:42', '0000-00-00 00:00:00', '', 0, 'http://localhost:8080/shipper/?p=205', 0, 'post', '', 0),
(206, 1, '2017-05-03 16:03:11', '2017-05-03 09:03:11', '<p><i>Tháng Mười Hai 29, 2016</i> <br />\r\n Grap ra mắt phiên bản thử nghiệm 0000</p>', 'công việc 1', '', 'inherit', 'closed', 'closed', '', '119-revision-v1', '', '', '2017-05-03 16:03:11', '2017-05-03 09:03:11', '', 119, 'http://localhost:8080/shipper/khong-phan-loai/119-revision-v1.html', 0, 'revision', '', 0),
(207, 1, '2017-05-03 16:04:47', '2017-05-03 09:04:47', '<p><i>Tháng Mười Hai 29, 2016</i></p>\r\n<p></p>\r\n<p> Grap ra mắt phiên bản thử nghiệm 0000</p>', 'công việc 1', '', 'inherit', 'closed', 'closed', '', '119-revision-v1', '', '', '2017-05-03 16:04:47', '2017-05-03 09:04:47', '', 119, 'http://localhost:8080/shipper/khong-phan-loai/119-revision-v1.html', 0, 'revision', '', 0),
(208, 1, '2017-05-03 16:05:30', '2017-05-03 09:05:30', '<p><i>Tháng Mười Hai 29, 2016</i></p>\r\n<p>&nbsp;</p>\r\n<p>Grap ra mắt phiên bản thử nghiệm 0000</p>', 'công việc 1', '', 'inherit', 'closed', 'closed', '', '119-revision-v1', '', '', '2017-05-03 16:05:30', '2017-05-03 09:05:30', '', 119, 'http://localhost:8080/shipper/khong-phan-loai/119-revision-v1.html', 0, 'revision', '', 0);

-- --------------------------------------------------------

--
-- Table structure for table `shptermmeta`
--

CREATE TABLE IF NOT EXISTS `shptermmeta` (
  `meta_id` bigint(20) unsigned NOT NULL AUTO_INCREMENT,
  `term_id` bigint(20) unsigned NOT NULL DEFAULT '0',
  `meta_key` varchar(255) COLLATE utf8mb4_unicode_520_ci DEFAULT NULL,
  `meta_value` longtext COLLATE utf8mb4_unicode_520_ci,
  PRIMARY KEY (`meta_id`),
  KEY `term_id` (`term_id`),
  KEY `meta_key` (`meta_key`(191))
) ENGINE=InnoDB DEFAULT CHARSET=utf8mb4 COLLATE=utf8mb4_unicode_520_ci AUTO_INCREMENT=1 ;

-- --------------------------------------------------------

--
-- Table structure for table `shpterms`
--

CREATE TABLE IF NOT EXISTS `shpterms` (
  `term_id` bigint(20) unsigned NOT NULL AUTO_INCREMENT,
  `name` varchar(200) COLLATE utf8mb4_unicode_520_ci NOT NULL DEFAULT '',
  `slug` varchar(200) COLLATE utf8mb4_unicode_520_ci NOT NULL DEFAULT '',
  `term_group` bigint(10) NOT NULL DEFAULT '0',
  PRIMARY KEY (`term_id`),
  KEY `slug` (`slug`(191)),
  KEY `name` (`name`(191))
) ENGINE=InnoDB  DEFAULT CHARSET=utf8mb4 COLLATE=utf8mb4_unicode_520_ci AUTO_INCREMENT=23 ;

--
-- Dumping data for table `shpterms`
--

INSERT INTO `shpterms` (`term_id`, `name`, `slug`, `term_group`) VALUES
(1, 'Chưa được phân loại', 'khong-phan-loai', 0),
(2, 'menu', 'menu', 0),
(3, 'FAQ', 'faq', 0),
(4, 'Liên Hệ', 'lien-he', 0),
(5, 'Đăng Nhập', 'dang-nhap', 0),
(6, 'anh', 'anh', 0),
(7, 'find', 'find', 0),
(8, 'ship', 'ship', 0),
(9, 'shop', 'shop', 0),
(10, 'với ship', 'voi-ship', 0),
(11, 'what', 'what', 0),
(12, 'shipgd', 'shipgd', 0),
(13, 'SALIENT', 'salient', 0),
(14, 'dowload', 'dowload', 0),
(15, 'new', 'new', 0),
(16, 'grab', 'grab', 0),
(17, 'grab 2', 'grab-2', 0),
(18, 'Công việc', 'cong-viec', 0),
(19, 'kết 2', 'ket-2', 0),
(20, 'kết 1', 'ket-1', 0),
(21, 'moto', 'moto', 0),
(22, 'car', 'car', 0);

-- --------------------------------------------------------

--
-- Table structure for table `shpterm_relationships`
--

CREATE TABLE IF NOT EXISTS `shpterm_relationships` (
  `object_id` bigint(20) unsigned NOT NULL DEFAULT '0',
  `term_taxonomy_id` bigint(20) unsigned NOT NULL DEFAULT '0',
  `term_order` int(11) NOT NULL DEFAULT '0',
  PRIMARY KEY (`object_id`,`term_taxonomy_id`),
  KEY `term_taxonomy_id` (`term_taxonomy_id`)
) ENGINE=InnoDB DEFAULT CHARSET=utf8mb4 COLLATE=utf8mb4_unicode_520_ci;

--
-- Dumping data for table `shpterm_relationships`
--

INSERT INTO `shpterm_relationships` (`object_id`, `term_taxonomy_id`, `term_order`) VALUES
(1, 1, 0),
(7, 2, 0),
(8, 2, 0),
(10, 6, 0),
(52, 6, 0),
(54, 6, 0),
(56, 8, 0),
(58, 7, 0),
(60, 7, 0),
(62, 9, 0),
(64, 9, 0),
(66, 9, 0),
(68, 10, 0),
(70, 10, 0),
(72, 10, 0),
(74, 11, 0),
(76, 12, 0),
(78, 12, 0),
(80, 12, 0),
(83, 12, 0),
(93, 13, 0),
(95, 13, 0),
(97, 13, 0),
(100, 13, 0),
(104, 14, 0),
(106, 14, 0),
(108, 14, 0),
(110, 15, 0),
(112, 16, 0),
(115, 17, 0),
(119, 18, 0),
(121, 18, 0),
(123, 18, 0),
(125, 18, 0),
(127, 19, 0),
(129, 19, 0),
(131, 19, 0),
(133, 19, 0),
(135, 20, 0),
(137, 20, 0),
(139, 20, 0),
(141, 20, 0),
(149, 2, 0),
(150, 21, 0),
(152, 22, 0),
(154, 22, 0),
(156, 22, 0),
(169, 1, 0),
(199, 2, 0),
(204, 1, 0);

-- --------------------------------------------------------

--
-- Table structure for table `shpterm_taxonomy`
--

CREATE TABLE IF NOT EXISTS `shpterm_taxonomy` (
  `term_taxonomy_id` bigint(20) unsigned NOT NULL AUTO_INCREMENT,
  `term_id` bigint(20) unsigned NOT NULL DEFAULT '0',
  `taxonomy` varchar(32) COLLATE utf8mb4_unicode_520_ci NOT NULL DEFAULT '',
  `description` longtext COLLATE utf8mb4_unicode_520_ci NOT NULL,
  `parent` bigint(20) unsigned NOT NULL DEFAULT '0',
  `count` bigint(20) NOT NULL DEFAULT '0',
  PRIMARY KEY (`term_taxonomy_id`),
  UNIQUE KEY `term_id_taxonomy` (`term_id`,`taxonomy`),
  KEY `taxonomy` (`taxonomy`)
) ENGINE=InnoDB  DEFAULT CHARSET=utf8mb4 COLLATE=utf8mb4_unicode_520_ci AUTO_INCREMENT=23 ;

--
-- Dumping data for table `shpterm_taxonomy`
--

INSERT INTO `shpterm_taxonomy` (`term_taxonomy_id`, `term_id`, `taxonomy`, `description`, `parent`, `count`) VALUES
(1, 1, 'category', '', 0, 1),
(2, 2, 'nav_menu', '', 0, 4),
(3, 3, 'category', '', 0, 0),
(4, 4, 'category', '', 0, 0),
(5, 5, 'category', '', 0, 0),
(6, 6, 'category', '', 0, 3),
(7, 7, 'category', '', 0, 2),
(8, 8, 'category', '', 0, 1),
(9, 9, 'category', '', 0, 3),
(10, 10, 'category', '', 0, 3),
(11, 11, 'category', '', 0, 1),
(12, 12, 'category', '', 0, 4),
(13, 13, 'category', '', 0, 4),
(14, 14, 'category', '', 0, 3),
(15, 15, 'category', '', 0, 1),
(16, 16, 'category', '', 0, 1),
(17, 17, 'category', '', 0, 1),
(18, 18, 'category', '', 0, 4),
(19, 19, 'category', '', 0, 4),
(20, 20, 'category', '', 0, 4),
(21, 21, 'category', '', 0, 1),
(22, 22, 'category', '', 0, 3);

-- --------------------------------------------------------

--
-- Table structure for table `shpusermeta`
--

CREATE TABLE IF NOT EXISTS `shpusermeta` (
  `umeta_id` bigint(20) unsigned NOT NULL AUTO_INCREMENT,
  `user_id` bigint(20) unsigned NOT NULL DEFAULT '0',
  `meta_key` varchar(255) COLLATE utf8mb4_unicode_520_ci DEFAULT NULL,
  `meta_value` longtext COLLATE utf8mb4_unicode_520_ci,
  PRIMARY KEY (`umeta_id`),
  KEY `user_id` (`user_id`),
  KEY `meta_key` (`meta_key`(191))
) ENGINE=InnoDB  DEFAULT CHARSET=utf8mb4 COLLATE=utf8mb4_unicode_520_ci AUTO_INCREMENT=22 ;

--
-- Dumping data for table `shpusermeta`
--

INSERT INTO `shpusermeta` (`umeta_id`, `user_id`, `meta_key`, `meta_value`) VALUES
(1, 1, 'nickname', 'admin'),
(2, 1, 'first_name', ''),
(3, 1, 'last_name', ''),
(4, 1, 'description', ''),
(5, 1, 'rich_editing', 'true'),
(6, 1, 'comment_shortcuts', 'false'),
(7, 1, 'admin_color', 'fresh'),
(8, 1, 'use_ssl', '0'),
(9, 1, 'show_admin_bar_front', 'true'),
(10, 1, 'locale', ''),
(11, 1, 'shpcapabilities', 'a:1:{s:13:"administrator";b:1;}'),
(12, 1, 'shpuser_level', '10'),
(13, 1, 'dismissed_wp_pointers', ''),
(14, 1, 'show_welcome_panel', '1'),
(15, 1, 'session_tokens', 'a:4:{s:64:"c67705fbb695bfb858a7bd905b073bb02eb647b757d3d85648977333f7307c1b";a:4:{s:10:"expiration";i:1494984588;s:2:"ip";s:3:"::1";s:2:"ua";s:114:"Mozilla/5.0 (Windows NT 6.3; Win64; x64) AppleWebKit/537.36 (KHTML, like Gecko) Chrome/57.0.2987.133 Safari/537.36";s:5:"login";i:1493774988;}s:64:"6e2d9cd7dc56869883d7a433cba8a037bde41717064a335557dcab081800869c";a:4:{s:10:"expiration";i:1493947824;s:2:"ip";s:3:"::1";s:2:"ua";s:114:"Mozilla/5.0 (Windows NT 6.3; Win64; x64) AppleWebKit/537.36 (KHTML, like Gecko) Chrome/57.0.2987.133 Safari/537.36";s:5:"login";i:1493775024;}s:64:"7f9e862ab18ca4eb0438bcc16d2adc196791dcf1dd22b2d2273873012c34af38";a:4:{s:10:"expiration";i:1493948128;s:2:"ip";s:3:"::1";s:2:"ua";s:114:"Mozilla/5.0 (Windows NT 6.3; Win64; x64) AppleWebKit/537.36 (KHTML, like Gecko) Chrome/57.0.2987.133 Safari/537.36";s:5:"login";i:1493775328;}s:64:"50ba59f7f00cc6e5664a2ad8733280fe7b2f859b20887eba18cfd47798298800";a:4:{s:10:"expiration";i:1495002859;s:2:"ip";s:3:"::1";s:2:"ua";s:114:"Mozilla/5.0 (Windows NT 6.3; Win64; x64) AppleWebKit/537.36 (KHTML, like Gecko) Chrome/57.0.2987.133 Safari/537.36";s:5:"login";i:1493793259;}}'),
(16, 1, 'shpdashboard_quick_press_last_post_id', '3'),
(17, 1, 'managenav-menuscolumnshidden', 'a:5:{i:0;s:11:"link-target";i:1;s:11:"css-classes";i:2;s:3:"xfn";i:3;s:11:"description";i:4;s:15:"title-attribute";}'),
(18, 1, 'metaboxhidden_nav-menus', 'a:1:{i:0;s:12:"add-post_tag";}'),
(19, 1, 'nav_menu_recently_edited', '2'),
(20, 1, 'shpuser-settings', 'libraryContent=browse&editor=html'),
(21, 1, 'shpuser-settings-time', '1493802284');

-- --------------------------------------------------------

--
-- Table structure for table `shpusers`
--

CREATE TABLE IF NOT EXISTS `shpusers` (
  `ID` bigint(20) unsigned NOT NULL AUTO_INCREMENT,
  `user_login` varchar(60) COLLATE utf8mb4_unicode_520_ci NOT NULL DEFAULT '',
  `user_pass` varchar(255) COLLATE utf8mb4_unicode_520_ci NOT NULL DEFAULT '',
  `user_nicename` varchar(50) COLLATE utf8mb4_unicode_520_ci NOT NULL DEFAULT '',
  `user_email` varchar(100) COLLATE utf8mb4_unicode_520_ci NOT NULL DEFAULT '',
  `user_url` varchar(100) COLLATE utf8mb4_unicode_520_ci NOT NULL DEFAULT '',
  `user_registered` datetime NOT NULL DEFAULT '0000-00-00 00:00:00',
  `user_activation_key` varchar(255) COLLATE utf8mb4_unicode_520_ci NOT NULL DEFAULT '',
  `user_status` int(11) NOT NULL DEFAULT '0',
  `display_name` varchar(250) COLLATE utf8mb4_unicode_520_ci NOT NULL DEFAULT '',
  PRIMARY KEY (`ID`),
  KEY `user_login_key` (`user_login`),
  KEY `user_nicename` (`user_nicename`),
  KEY `user_email` (`user_email`)
) ENGINE=InnoDB  DEFAULT CHARSET=utf8mb4 COLLATE=utf8mb4_unicode_520_ci AUTO_INCREMENT=2 ;

--
-- Dumping data for table `shpusers`
--

INSERT INTO `shpusers` (`ID`, `user_login`, `user_pass`, `user_nicename`, `user_email`, `user_url`, `user_registered`, `user_activation_key`, `user_status`, `display_name`) VALUES
(1, 'admin', '$P$BCsFdO.MOh4Gerc0Vbr7/9DwkZLrau1', 'admin', 'mitbem2503@gmail.com', '', '2017-05-03 01:29:44', '', 0, 'admin');

/*!40101 SET CHARACTER_SET_CLIENT=@OLD_CHARACTER_SET_CLIENT */;
/*!40101 SET CHARACTER_SET_RESULTS=@OLD_CHARACTER_SET_RESULTS */;
/*!40101 SET COLLATION_CONNECTION=@OLD_COLLATION_CONNECTION */;
